INSERT INTO O_OBJ VALUES ( 171,'Controller',1,'Controller','',0 );
INSERT INTO O_ID VALUES ( 0,171 );
INSERT INTO O_ID VALUES ( 1,171 );
INSERT INTO O_ID VALUES ( 2,171 );
INSERT INTO S_CDT VALUES ( 5,0 );
INSERT INTO S_CDT VALUES ( 103,1 );
INSERT INTO S_CDT VALUES ( 43,2 );
INSERT INTO S_CDT VALUES ( 37,3 );
INSERT INTO S_CDT VALUES ( 12,4 );
INSERT INTO S_CDT VALUES ( 244,5 );
INSERT INTO S_CDT VALUES ( 245,6 );
INSERT INTO S_CDT VALUES ( 246,7 );
INSERT INTO S_CDT VALUES ( 247,8 );
INSERT INTO S_CDT VALUES ( 248,9 );
INSERT INTO S_CDT VALUES ( 90,10 );
INSERT INTO S_CDT VALUES ( 249,11 );
INSERT INTO S_CDT VALUES ( 250,12 );
INSERT INTO S_CDT VALUES ( 251,13 );
INSERT INTO O_TFR VALUES ( 172,171,'timer','',5,0,'create event instance timeout of Controller_A7:''timeout'' to Controller class;
timer = TIM::timer_start( event_inst:timeout, microseconds:param.microseconds );

',1,'',0,0 );
INSERT INTO O_TPARM VALUES ( 173,172,'microseconds',43,0,'',0,'' );
INSERT INTO S_UDT VALUES ( 25,249,1,'' );
INSERT INTO S_UDT VALUES ( 87,250,3,'' );
INSERT INTO S_UDT VALUES ( 31,249,2,'' );
INSERT INTO S_BRG VALUES ( 4,3,'shutdown','',0,5,'control stop;',1,'',0 );
INSERT INTO S_BRG VALUES ( 10,9,'LogSuccess','',0,5,'',1,'',0 );
INSERT INTO S_BRG VALUES ( 15,9,'LogFailure','',0,5,'',1,'',0 );
INSERT INTO S_BRG VALUES ( 19,9,'LogInfo','',0,5,'',1,'',0 );
INSERT INTO S_BRG VALUES ( 23,9,'LogDate','',0,5,'',1,'',0 );
INSERT INTO S_BRG VALUES ( 29,9,'LogTime','',0,5,'',1,'',0 );
INSERT INTO S_BRG VALUES ( 35,9,'LogReal','',0,5,'',1,'',0 );
INSERT INTO S_BRG VALUES ( 41,9,'LogInteger','',0,5,'',1,'',0 );
INSERT INTO S_BRG VALUES ( 47,46,'current_date','',1,25,'',1,'',0 );
INSERT INTO S_BRG VALUES ( 50,46,'create_date','',1,25,'',1,'',0 );
INSERT INTO S_BRG VALUES ( 59,46,'get_second','',1,43,'',1,'',0 );
INSERT INTO S_BRG VALUES ( 63,46,'get_minute','',1,43,'',1,'',0 );
INSERT INTO S_BRG VALUES ( 67,46,'get_hour','',1,43,'',1,'',0 );
INSERT INTO S_BRG VALUES ( 71,46,'get_day','',1,43,'',1,'',0 );
INSERT INTO S_BRG VALUES ( 75,46,'get_month','',1,43,'',1,'',0 );
INSERT INTO S_BRG VALUES ( 79,46,'get_year','',1,43,'',1,'',0 );
INSERT INTO S_BRG VALUES ( 83,46,'current_clock','',1,31,'',1,'',0 );
INSERT INTO S_BRG VALUES ( 86,46,'timer_start','This bridge operation starts a timer set to expire in the specified number of
microseconds, generating the passed event upon expiration. Returns the instance
handle of the timer.',1,87,'',1,'',0 );
INSERT INTO S_BRG VALUES ( 93,46,'timer_start_recurring','This bridge operation starts a timer set to expire in the specified number of
microseconds, generating the passed event upon expiration. Upon expiration, the
timer will be restarted and fire again in the specified number of microseconds
generating the passed event. This bridge operation returns the instance handle
of the timer.',1,87,'',1,'',0 );
INSERT INTO S_BRG VALUES ( 98,46,'timer_remaining_time','Returns the time remaining (in microseconds) for the passed timer instance. If
the timer has expired, a zero value is returned.',1,43,'',1,'',0 );
INSERT INTO S_BRG VALUES ( 102,46,'timer_reset_time','This bridge operation attempts to set the passed existing timer to expire in
the specified number of microseconds. If the timer exists (that is, it has not
expired), a TRUE value is returned. If the timer no longer exists, a FALSE value
is returned.',1,103,'',1,'',0 );
INSERT INTO S_BRG VALUES ( 108,46,'timer_add_time','This bridge operation attempts to add the specified number of microseconds to a
passed existing timer. If the timer exists (that is, it has not expired), a TRUE
value is returned. If the timer no longer exists, a FALSE value is returned.',1,103,'',1,'',0 );
INSERT INTO S_BRG VALUES ( 113,46,'timer_cancel','This bridge operation cancels and deletes the passed timer instance. If the 
timer exists (that is, it had not expired), a TRUE value is returned. If the
timer no longer exists, a FALSE value is returned.',1,103,'',1,'',0 );
INSERT INTO S_BRG VALUES ( 118,117,'sqrt','',0,37,'',1,'',0 );
INSERT INTO S_BPARM VALUES ( 11,10,'message',12,0,'',0,'' );
INSERT INTO S_BPARM VALUES ( 16,15,'message',12,0,'',0,'' );
INSERT INTO S_BPARM VALUES ( 20,19,'message',12,0,'',0,'' );
INSERT INTO S_BPARM VALUES ( 24,23,'d',25,0,'',0,'' );
INSERT INTO S_BPARM VALUES ( 26,23,'message',12,0,'',24,'' );
INSERT INTO S_BPARM VALUES ( 30,29,'t',31,0,'',32,'' );
INSERT INTO S_BPARM VALUES ( 32,29,'message',12,0,'',0,'' );
INSERT INTO S_BPARM VALUES ( 36,35,'r',37,0,'',38,'' );
INSERT INTO S_BPARM VALUES ( 38,35,'message',12,0,'',0,'' );
INSERT INTO S_BPARM VALUES ( 42,41,'message',43,0,'',0,'' );
INSERT INTO S_BPARM VALUES ( 51,50,'second',43,0,'',52,'' );
INSERT INTO S_BPARM VALUES ( 53,50,'minute',43,0,'',54,'' );
INSERT INTO S_BPARM VALUES ( 54,50,'hour',43,0,'',55,'' );
INSERT INTO S_BPARM VALUES ( 55,50,'day',43,0,'',0,'' );
INSERT INTO S_BPARM VALUES ( 52,50,'month',43,0,'',53,'' );
INSERT INTO S_BPARM VALUES ( 56,50,'year',43,0,'',51,'' );
INSERT INTO S_BPARM VALUES ( 60,59,'date',25,0,'',0,'' );
INSERT INTO S_BPARM VALUES ( 64,63,'date',25,0,'',0,'' );
INSERT INTO S_BPARM VALUES ( 68,67,'date',25,0,'',0,'' );
INSERT INTO S_BPARM VALUES ( 72,71,'date',25,0,'',0,'' );
INSERT INTO S_BPARM VALUES ( 76,75,'date',25,0,'',0,'' );
INSERT INTO S_BPARM VALUES ( 80,79,'date',25,0,'',0,'' );
INSERT INTO S_BPARM VALUES ( 88,86,'microseconds',43,0,'',89,'' );
INSERT INTO S_BPARM VALUES ( 89,86,'event_inst',90,0,'',0,'' );
INSERT INTO S_BPARM VALUES ( 94,93,'microseconds',43,0,'',95,'' );
INSERT INTO S_BPARM VALUES ( 95,93,'event_inst',90,0,'',0,'' );
INSERT INTO S_BPARM VALUES ( 99,98,'timer_inst_ref',87,0,'',0,'' );
INSERT INTO S_BPARM VALUES ( 104,102,'timer_inst_ref',87,0,'',105,'' );
INSERT INTO S_BPARM VALUES ( 105,102,'microseconds',43,0,'',0,'' );
INSERT INTO S_BPARM VALUES ( 109,108,'timer_inst_ref',87,0,'',110,'' );
INSERT INTO S_BPARM VALUES ( 110,108,'microseconds',43,0,'',0,'' );
INSERT INTO S_BPARM VALUES ( 114,113,'timer_inst_ref',87,0,'',0,'' );
INSERT INTO S_BPARM VALUES ( 119,118,'x',37,0,'',0,'' );
INSERT INTO EP_PKG VALUES ( 2,1,1,'Shared_EEs','',0 );
INSERT INTO EP_PKG VALUES ( 122,1,1,'tello','',0 );
INSERT INTO EP_PKG VALUES ( 148,0,1,'tello','',0 );
INSERT INTO S_SYNC VALUES ( 149,0,'setup','','generate Controller_A1:''connect'' to Controller class;',5,1,'',0 );
INSERT INTO S_SYNC VALUES ( 137,0,'recv','','if (param.str == "ok")
	generate Controller_A2:''ok'' to Controller class;
elif (param.str == "error")
	generate Controller_A6:''error'' to Controller class;
end if;
',5,1,'',0 );
INSERT INTO S_SPARM VALUES ( 154,137,'str',12,0,'',0,'select any controller instance of Controller;
if(param.str == "ok")
	generate Controller_A2:''ok'' to controller;
end if;
' );
INSERT INTO S_SYS VALUES ( 1,'tello',1 );
INSERT INTO TE_SYS VALUES ( 1,'','',32,0,0,0,0,0,0,0,0,0,0,0,0,0,128,128,0,0,'','tello','sc_interface',0,0,0,0,0,1 );
INSERT INTO TE_DISP VALUES ( 1,1,'main','dispatcher','','' );
INSERT INTO TE_QUEUE VALUES ( 1,1,1,'Self Queue',0,0 );
INSERT INTO TE_QUEUE VALUES ( 2,1,2,'NonSelf Queue',0,0 );
INSERT INTO TE_ABA VALUES ( 116,'TE_MACT',26,0,0,1,' void ','','','','','','','','','','tello_udp_close','void',0,0,'','' );
INSERT INTO TE_ABA VALUES ( 119,'TE_MACT',26,0,0,1,' void ','','','','','','','','','','tello_udp_open','void',0,0,'','' );
INSERT INTO TE_ABA VALUES ( 122,'TE_MACT',26,0,0,1,' c_t[ESCHER_SYS_MAX_STRING_LEN] ',' c_t p_str[ESCHER_SYS_MAX_STRING_LEN] ','c_t p_str[ESCHER_SYS_MAX_STRING_LEN];
','','[]',' p_str','','    Escher_strcpy( e->p_str, p_str );','    Escher_strcpy( e->p_str, p_str );','','tello_udp_send','void',0,0,'','' );
INSERT INTO TE_ABA VALUES ( 125,'TE_MACT',26,0,0,1,' c_t[ESCHER_SYS_MAX_STRING_LEN] ',' c_t p_str[ESCHER_SYS_MAX_STRING_LEN] ','c_t p_str[ESCHER_SYS_MAX_STRING_LEN];
','','[]',' p_str','','    Escher_strcpy( e->p_str, p_str );','    Escher_strcpy( e->p_str, p_str );','','tello_udp_recv','void',0,0,'','  /* ::recv( str:PARAM.str ) */
  XTUML_OAL_STMT_TRACE( 1, "::recv( str:PARAM.str )" );
  tello_recv( p_str );
' );
INSERT INTO TE_ABA VALUES ( 187,'S_SYNC',26,0,2,1,' c_t[ESCHER_SYS_MAX_STRING_LEN] ',' c_t p_str[ESCHER_SYS_MAX_STRING_LEN] ','c_t p_str[ESCHER_SYS_MAX_STRING_LEN];
','','[]',' p_str','','    Escher_strcpy( e->p_str, p_str );','    Escher_strcpy( e->p_str, p_str );','','tello_recv','void',0,0,'','  /* IF ( PARAM.str == ok ) */
  XTUML_OAL_STMT_TRACE( 1, "IF ( PARAM.str == ok )" );
  if ( Escher_strcmp( p_str, "ok" ) == 0 ) {
    /* GENERATE Controller_A2:ok() TO Controller CLASS */
    XTUML_OAL_STMT_TRACE( 2, "GENERATE Controller_A2:ok() TO Controller CLASS" );
    { Escher_xtUMLEvent_t * e = Escher_NewxtUMLEvent( 0, &tello_Controller_CBevent2c );
      Escher_SendEvent( e );
    }
  }
  else if ( Escher_strcmp( p_str, "error" ) == 0 ) {
    /* GENERATE Controller_A6:error() TO Controller CLASS */
    XTUML_OAL_STMT_TRACE( 2, "GENERATE Controller_A6:error() TO Controller CLASS" );
    { Escher_xtUMLEvent_t * e = Escher_NewxtUMLEvent( 0, &tello_Controller_CBevent6c );
      Escher_SendEvent( e );
    }
  }
' );
INSERT INTO TE_ABA VALUES ( 188,'S_SYNC',26,0,1,1,' void ','','','','','','','','','','tello_setup','void',0,0,'','  /* GENERATE Controller_A1:connect() TO Controller CLASS */
  XTUML_OAL_STMT_TRACE( 1, "GENERATE Controller_A1:connect() TO Controller CLASS" );
  { Escher_xtUMLEvent_t * e = Escher_NewxtUMLEvent( 0, &tello_Controller_CBevent1c );
    Escher_SendEvent( e );
  }
' );
INSERT INTO TE_ABA VALUES ( 192,'SM_ACT',26,0,0,1,' void ','','','','','','','','','','tello_Controller_CB_act1','void',0,0,'','' );
INSERT INTO TE_ABA VALUES ( 195,'SM_ACT',26,0,0,1,' void ','','','','','','','','','','tello_Controller_CB_act2','void',0,0,'','  /* Controller::timer( microseconds:5000000 ) */
  XTUML_OAL_STMT_TRACE( 1, "Controller::timer( microseconds:5000000 )" );
  tello_Controller_op_timer( 5000000 );
' );
INSERT INTO TE_ABA VALUES ( 198,'SM_ACT',26,0,0,1,' void ','','','','','','','','','','tello_Controller_CB_act3','void',0,0,'','  /* udp::send(str:takeoff) */
  XTUML_OAL_STMT_TRACE( 1, "udp::send(str:takeoff)" );
  tello_udp_send( "takeoff" );
  /* Controller::timer( microseconds:5000 ) */
  XTUML_OAL_STMT_TRACE( 1, "Controller::timer( microseconds:5000 )" );
  tello_Controller_op_timer( 5000 );
' );
INSERT INTO TE_ABA VALUES ( 201,'SM_ACT',26,0,0,1,' void ','','','','','','','','','','tello_Controller_CB_act4','void',0,0,'','  /* udp::close() */
  XTUML_OAL_STMT_TRACE( 1, "udp::close()" );
  tello_udp_close();
' );
INSERT INTO TE_ABA VALUES ( 204,'SM_ACT',26,0,0,1,' void ','','','','','','','','','','tello_Controller_CB_act5','void',0,0,'','  /* udp::send(str:land) */
  XTUML_OAL_STMT_TRACE( 1, "udp::send(str:land)" );
  tello_udp_send( "land" );
  /* Controller::timer( microseconds:5000000 ) */
  XTUML_OAL_STMT_TRACE( 1, "Controller::timer( microseconds:5000000 )" );
  tello_Controller_op_timer( 5000000 );
' );
INSERT INTO TE_ABA VALUES ( 213,'O_TFR',26,0,0,1,' const i_t ',' const i_t p_microseconds ','i_t p_microseconds;
',', p_microseconds','%d',' p_microseconds','','    e->p_microseconds = p_microseconds;','    e->p_microseconds = p_microseconds;','','tello_Controller_op_timer','void',0,0,'','  Escher_Timer_t timer;Escher_xtUMLEvent_t * timeout;
  /* CREATE EVENT INSTANCE timeout(  ) TO CLASS */
  XTUML_OAL_STMT_TRACE( 1, "CREATE EVENT INSTANCE timeout(  ) TO CLASS" );
  timeout = Escher_NewxtUMLEvent( (void *) 0, &tello_Controller_CBevent7c );
  /* ASSIGN timer = TIM::timer_start(event_inst:timeout, microseconds:PARAM.microseconds) */
  XTUML_OAL_STMT_TRACE( 1, "ASSIGN timer = TIM::timer_start(event_inst:timeout, microseconds:PARAM.microseconds)" );
  timer = TIM_timer_start( (Escher_xtUMLEvent_t *)timeout, p_microseconds );
' );
INSERT INTO TE_ABA VALUES ( 215,'S_BRG',0,0,0,1,' void ','','','','','','','','','','ARCH_shutdown','void',0,0,'','' );
INSERT INTO TE_ABA VALUES ( 217,'S_BRG',0,0,0,1,' c_t[ESCHER_SYS_MAX_STRING_LEN] ',' c_t p_message[ESCHER_SYS_MAX_STRING_LEN] ','c_t p_message[ESCHER_SYS_MAX_STRING_LEN];
','','[]',' p_message','','    Escher_strcpy( e->p_message, p_message );','    Escher_strcpy( e->p_message, p_message );','','LOG_LogSuccess','void',0,0,'','' );
INSERT INTO TE_ABA VALUES ( 219,'S_BRG',0,0,0,1,' c_t[ESCHER_SYS_MAX_STRING_LEN] ',' c_t p_message[ESCHER_SYS_MAX_STRING_LEN] ','c_t p_message[ESCHER_SYS_MAX_STRING_LEN];
','','[]',' p_message','','    Escher_strcpy( e->p_message, p_message );','    Escher_strcpy( e->p_message, p_message );','','LOG_LogFailure','void',0,0,'','' );
INSERT INTO TE_ABA VALUES ( 221,'S_BRG',0,0,0,1,' c_t[ESCHER_SYS_MAX_STRING_LEN] ',' c_t p_message[ESCHER_SYS_MAX_STRING_LEN] ','c_t p_message[ESCHER_SYS_MAX_STRING_LEN];
','','[]',' p_message','','    Escher_strcpy( e->p_message, p_message );','    Escher_strcpy( e->p_message, p_message );','','LOG_LogInfo','void',0,0,'','' );
INSERT INTO TE_ABA VALUES ( 223,'S_BRG',0,0,0,1,' Escher_Date_t, c_t[ESCHER_SYS_MAX_STRING_LEN] ',' Escher_Date_t p_d, c_t p_message[ESCHER_SYS_MAX_STRING_LEN] ','Escher_Date_t p_d;
c_t p_message[ESCHER_SYS_MAX_STRING_LEN];
',', p_d','%d,[]',' p_d, p_message','','    e->p_d = p_d;    Escher_strcpy( e->p_message, p_message );','    e->p_d = p_d;    Escher_strcpy( e->p_message, p_message );','','LOG_LogDate','void',0,0,'','' );
INSERT INTO TE_ABA VALUES ( 225,'S_BRG',0,0,0,1,' c_t[ESCHER_SYS_MAX_STRING_LEN], Escher_TimeStamp_t ',' c_t p_message[ESCHER_SYS_MAX_STRING_LEN], Escher_TimeStamp_t p_t ','c_t p_message[ESCHER_SYS_MAX_STRING_LEN];
Escher_TimeStamp_t p_t;
',', p_t','[],%d',' p_message, p_t','','    Escher_strcpy( e->p_message, p_message );    e->p_t = p_t;','    Escher_strcpy( e->p_message, p_message );    e->p_t = p_t;','','LOG_LogTime','void',0,0,'','' );
INSERT INTO TE_ABA VALUES ( 227,'S_BRG',0,0,0,1,' c_t[ESCHER_SYS_MAX_STRING_LEN], const r_t ',' c_t p_message[ESCHER_SYS_MAX_STRING_LEN], const r_t p_r ','c_t p_message[ESCHER_SYS_MAX_STRING_LEN];
r_t p_r;
',', p_r','[],%f',' p_message, p_r','','    Escher_strcpy( e->p_message, p_message );    e->p_r = p_r;','    Escher_strcpy( e->p_message, p_message );    e->p_r = p_r;','','LOG_LogReal','void',0,0,'','' );
INSERT INTO TE_ABA VALUES ( 229,'S_BRG',0,0,0,1,' const i_t ',' const i_t p_message ','i_t p_message;
',', p_message','%d',' p_message','','    e->p_message = p_message;','    e->p_message = p_message;','','LOG_LogInteger','void',0,0,'','' );
INSERT INTO TE_ABA VALUES ( 231,'S_BRG',0,0,0,1,' void ','','','','','','','','','','TIM_current_date','Escher_Date_t',0,0,'','' );
INSERT INTO TE_ABA VALUES ( 233,'S_BRG',0,0,0,1,' const i_t, const i_t, const i_t, const i_t, const i_t, const i_t ',' const i_t p_day, const i_t p_hour, const i_t p_minute, const i_t p_month, const i_t p_second, const i_t p_year ','i_t p_day;
i_t p_hour;
i_t p_minute;
i_t p_month;
i_t p_second;
i_t p_year;
',', p_day, p_hour, p_minute, p_month, p_second, p_year','%d,%d,%d,%d,%d,%d',' p_day, p_hour, p_minute, p_month, p_second, p_year','','    e->p_day = p_day;    e->p_hour = p_hour;    e->p_minute = p_minute;    e->p_month = p_month;    e->p_second = p_second;    e->p_year = p_year;','    e->p_day = p_day;    e->p_hour = p_hour;    e->p_minute = p_minute;    e->p_month = p_month;    e->p_second = p_second;    e->p_year = p_year;','','TIM_create_date','Escher_Date_t',0,0,'','' );
INSERT INTO TE_ABA VALUES ( 235,'S_BRG',0,0,0,1,' Escher_Date_t ',' Escher_Date_t p_date ','Escher_Date_t p_date;
',', p_date','%d',' p_date','','    e->p_date = p_date;','    e->p_date = p_date;','','TIM_get_second','i_t',0,0,'','' );
INSERT INTO TE_ABA VALUES ( 237,'S_BRG',0,0,0,1,' Escher_Date_t ',' Escher_Date_t p_date ','Escher_Date_t p_date;
',', p_date','%d',' p_date','','    e->p_date = p_date;','    e->p_date = p_date;','','TIM_get_minute','i_t',0,0,'','' );
INSERT INTO TE_ABA VALUES ( 239,'S_BRG',0,0,0,1,' Escher_Date_t ',' Escher_Date_t p_date ','Escher_Date_t p_date;
',', p_date','%d',' p_date','','    e->p_date = p_date;','    e->p_date = p_date;','','TIM_get_hour','i_t',0,0,'','' );
INSERT INTO TE_ABA VALUES ( 241,'S_BRG',0,0,0,1,' Escher_Date_t ',' Escher_Date_t p_date ','Escher_Date_t p_date;
',', p_date','%d',' p_date','','    e->p_date = p_date;','    e->p_date = p_date;','','TIM_get_day','i_t',0,0,'','' );
INSERT INTO TE_ABA VALUES ( 243,'S_BRG',0,0,0,1,' Escher_Date_t ',' Escher_Date_t p_date ','Escher_Date_t p_date;
',', p_date','%d',' p_date','','    e->p_date = p_date;','    e->p_date = p_date;','','TIM_get_month','i_t',0,0,'','' );
INSERT INTO TE_ABA VALUES ( 245,'S_BRG',0,0,0,1,' Escher_Date_t ',' Escher_Date_t p_date ','Escher_Date_t p_date;
',', p_date','%d',' p_date','','    e->p_date = p_date;','    e->p_date = p_date;','','TIM_get_year','i_t',0,0,'','' );
INSERT INTO TE_ABA VALUES ( 247,'S_BRG',0,0,0,1,' void ','','','','','','','','','','TIM_current_clock','Escher_TimeStamp_t',0,0,'','' );
INSERT INTO TE_ABA VALUES ( 249,'S_BRG',0,0,0,1,' Escher_xtUMLEvent_t *, const i_t ',' Escher_xtUMLEvent_t * p_event_inst, const i_t p_microseconds ','Escher_xtUMLEvent_t * p_event_inst;
i_t p_microseconds;
',', p_event_inst, p_microseconds','%p,%d',' p_event_inst, p_microseconds','','    e->p_event_inst = p_event_inst;    e->p_microseconds = p_microseconds;','    e->p_event_inst = p_event_inst;    e->p_microseconds = p_microseconds;','','TIM_timer_start','Escher_Timer_t',0,0,'','' );
INSERT INTO TE_ABA VALUES ( 251,'S_BRG',0,0,0,1,' Escher_xtUMLEvent_t *, const i_t ',' Escher_xtUMLEvent_t * p_event_inst, const i_t p_microseconds ','Escher_xtUMLEvent_t * p_event_inst;
i_t p_microseconds;
',', p_event_inst, p_microseconds','%p,%d',' p_event_inst, p_microseconds','','    e->p_event_inst = p_event_inst;    e->p_microseconds = p_microseconds;','    e->p_event_inst = p_event_inst;    e->p_microseconds = p_microseconds;','','TIM_timer_start_recurring','Escher_Timer_t',0,0,'','' );
INSERT INTO TE_ABA VALUES ( 253,'S_BRG',0,0,0,1,' Escher_Timer_t ',' Escher_Timer_t p_timer_inst_ref ','Escher_Timer_t p_timer_inst_ref;
',', p_timer_inst_ref','%d',' p_timer_inst_ref','','    e->p_timer_inst_ref = p_timer_inst_ref;','    e->p_timer_inst_ref = p_timer_inst_ref;','','TIM_timer_remaining_time','i_t',0,0,'','' );
INSERT INTO TE_ABA VALUES ( 255,'S_BRG',0,0,0,1,' const i_t, Escher_Timer_t ',' const i_t p_microseconds, Escher_Timer_t p_timer_inst_ref ','i_t p_microseconds;
Escher_Timer_t p_timer_inst_ref;
',', p_microseconds, p_timer_inst_ref','%d,%d',' p_microseconds, p_timer_inst_ref','','    e->p_microseconds = p_microseconds;    e->p_timer_inst_ref = p_timer_inst_ref;','    e->p_microseconds = p_microseconds;    e->p_timer_inst_ref = p_timer_inst_ref;','','TIM_timer_reset_time','bool',0,0,'','' );
INSERT INTO TE_ABA VALUES ( 257,'S_BRG',0,0,0,1,' const i_t, Escher_Timer_t ',' const i_t p_microseconds, Escher_Timer_t p_timer_inst_ref ','i_t p_microseconds;
Escher_Timer_t p_timer_inst_ref;
',', p_microseconds, p_timer_inst_ref','%d,%d',' p_microseconds, p_timer_inst_ref','','    e->p_microseconds = p_microseconds;    e->p_timer_inst_ref = p_timer_inst_ref;','    e->p_microseconds = p_microseconds;    e->p_timer_inst_ref = p_timer_inst_ref;','','TIM_timer_add_time','bool',0,0,'','' );
INSERT INTO TE_ABA VALUES ( 259,'S_BRG',0,0,0,1,' Escher_Timer_t ',' Escher_Timer_t p_timer_inst_ref ','Escher_Timer_t p_timer_inst_ref;
',', p_timer_inst_ref','%d',' p_timer_inst_ref','','    e->p_timer_inst_ref = p_timer_inst_ref;','    e->p_timer_inst_ref = p_timer_inst_ref;','','TIM_timer_cancel','bool',0,0,'','' );
INSERT INTO TE_ABA VALUES ( 261,'S_BRG',0,0,0,1,' const r_t ',' const r_t p_x ','r_t p_x;
',', p_x','%f',' p_x','','    e->p_x = p_x;','    e->p_x = p_x;','','MATH_sqrt','r_t',0,0,'','' );
INSERT INTO TE_C VALUES ( 26,'tello','',0,1,1,1,0,0,1,0,'tello_classes',10,0,0,0,2,0,1,0,0,0,'tello',1,1,0,1,0,130,0,49,'','','"Controller"',47 );
INSERT INTO TE_EE VALUES ( 'Math','MATH','MATH','',0,'MATH_bridge','MATH_bridge.h',0,0,117,53,0 );
INSERT INTO TE_EE VALUES ( 'Time','TIM','TIM','The Time external entity provides date, timestamp, and timer related operations.',1,'TIM_bridge','TIM_bridge.h',0,0,46,55,0 );
INSERT INTO TE_EE VALUES ( 'Logging','LOG','LOG','',0,'LOG_bridge','LOG_bridge.h',0,0,9,57,0 );
INSERT INTO TE_EE VALUES ( 'Architecture','ARCH','ARCH','',0,'ARCH_bridge','ARCH_bridge.h',0,0,3,59,0 );
INSERT INTO TE_DT VALUES ( 30,'timestamp',11,1,'Escher_TimeStamp_t','tello_sys_types.h','CTOR','',0,'tello','%d',0,0,31 );
INSERT INTO TE_DT VALUES ( 31,'inst_ref<Timer>',12,1,'Escher_Timer_t','tello_sys_types.h','0','',0,'tello','%d',0,0,87 );
INSERT INTO TE_DT VALUES ( 32,'date',11,1,'Escher_Date_t','tello_sys_types.h','CTOR','',0,'tello','%d',0,0,25 );
INSERT INTO TE_DT VALUES ( 33,'component_ref',13,0,'','tello_sys_types.h','','',0,'tello','%x',0,0,251 );
INSERT INTO TE_DT VALUES ( 34,'inst_ref<Mapping>',12,0,'i_t','tello_sys_types.h','0','',0,'tello','%d',0,0,250 );
INSERT INTO TE_DT VALUES ( 35,'inst<Mapping>',11,0,'','tello_sys_types.h','','',0,'tello','%d',0,0,249 );
INSERT INTO TE_DT VALUES ( 36,'inst<Event>',10,1,'Escher_xtUMLEvent_t *','tello_sys_types.h','0','',0,'tello','%p',0,0,90 );
INSERT INTO TE_DT VALUES ( 37,'inst_ref_set<Object>',9,0,'Escher_ObjectSet_s *','tello_sys_types.h','','',0,'tello','%p',0,0,248 );
INSERT INTO TE_DT VALUES ( 38,'inst_ref<Object>',8,0,'void *','tello_sys_types.h','','',0,'tello','%p',0,0,247 );
INSERT INTO TE_DT VALUES ( 39,'same_as<Base_Attribute>',7,0,'','tello_sys_types.h','','',0,'tello','%p',0,0,246 );
INSERT INTO TE_DT VALUES ( 40,'state<State_Model>',6,0,'','tello_sys_types.h','','',0,'tello','%d',0,0,245 );
INSERT INTO TE_DT VALUES ( 41,'unique_id',5,0,'Escher_UniqueID_t','tello_sys_types.h','0','',0,'tello','%s',0,0,244 );
INSERT INTO TE_DT VALUES ( 42,'string',4,1,'c_t','tello_sys_types.h','CTOR','',0,'tello','%s',0,0,12 );
INSERT INTO TE_DT VALUES ( 43,'real',3,1,'r_t','tello_sys_types.h','0.0','',0,'tello','%f',0,0,37 );
INSERT INTO TE_DT VALUES ( 44,'integer',2,1,'i_t','tello_sys_types.h','0','',0,'tello','%d',0,0,43 );
INSERT INTO TE_DT VALUES ( 45,'boolean',1,0,'bool','tello_sys_types.h','false','',0,'tello','%d',0,0,103 );
INSERT INTO TE_DT VALUES ( 46,'void',0,0,'void','tello_sys_types.h','0','',0,'tello','',0,0,5 );
INSERT INTO TE_ACT VALUES ( 192,'tello_Controller_CB_act1',0,185,190 );
INSERT INTO TE_ACT VALUES ( 195,'tello_Controller_CB_act2',0,185,194 );
INSERT INTO TE_ACT VALUES ( 198,'tello_Controller_CB_act3',0,185,200 );
INSERT INTO TE_ACT VALUES ( 201,'tello_Controller_CB_act4',0,185,208 );
INSERT INTO TE_ACT VALUES ( 204,'tello_Controller_CB_act5',0,185,213 );
INSERT INTO TE_SYNC VALUES ( 'recv',0,0,0,1,0,187,'tello_recv','tello_recv','tello_recv_deferred',26,137,49,51 );
INSERT INTO TE_SYNC VALUES ( 'setup',0,1,0,1,0,188,'tello_setup','tello_setup','tello_setup_deferred',26,149,51,0 );
INSERT INTO TE_TFR VALUES ( 0,1,0,'Controller','timer','tello_Controller_op_timer',213,172 );
INSERT INTO TE_BRG VALUES ( 'Architecture','ARCH','shutdown','ARCH_shutdown',215,4,3 );
INSERT INTO TE_BRG VALUES ( 'Logging','LOG','LogSuccess','LOG_LogSuccess',217,10,9 );
INSERT INTO TE_BRG VALUES ( 'Logging','LOG','LogFailure','LOG_LogFailure',219,15,9 );
INSERT INTO TE_BRG VALUES ( 'Logging','LOG','LogInfo','LOG_LogInfo',221,19,9 );
INSERT INTO TE_BRG VALUES ( 'Logging','LOG','LogDate','LOG_LogDate',223,23,9 );
INSERT INTO TE_BRG VALUES ( 'Logging','LOG','LogTime','LOG_LogTime',225,29,9 );
INSERT INTO TE_BRG VALUES ( 'Logging','LOG','LogReal','LOG_LogReal',227,35,9 );
INSERT INTO TE_BRG VALUES ( 'Logging','LOG','LogInteger','LOG_LogInteger',229,41,9 );
INSERT INTO TE_BRG VALUES ( 'Time','TIM','current_date','TIM_current_date',231,47,46 );
INSERT INTO TE_BRG VALUES ( 'Time','TIM','create_date','TIM_create_date',233,50,46 );
INSERT INTO TE_BRG VALUES ( 'Time','TIM','get_second','TIM_get_second',235,59,46 );
INSERT INTO TE_BRG VALUES ( 'Time','TIM','get_minute','TIM_get_minute',237,63,46 );
INSERT INTO TE_BRG VALUES ( 'Time','TIM','get_hour','TIM_get_hour',239,67,46 );
INSERT INTO TE_BRG VALUES ( 'Time','TIM','get_day','TIM_get_day',241,71,46 );
INSERT INTO TE_BRG VALUES ( 'Time','TIM','get_month','TIM_get_month',243,75,46 );
INSERT INTO TE_BRG VALUES ( 'Time','TIM','get_year','TIM_get_year',245,79,46 );
INSERT INTO TE_BRG VALUES ( 'Time','TIM','current_clock','TIM_current_clock',247,83,46 );
INSERT INTO TE_BRG VALUES ( 'Time','TIM','timer_start','TIM_timer_start',249,86,46 );
INSERT INTO TE_BRG VALUES ( 'Time','TIM','timer_start_recurring','TIM_timer_start_recurring',251,93,46 );
INSERT INTO TE_BRG VALUES ( 'Time','TIM','timer_remaining_time','TIM_timer_remaining_time',253,98,46 );
INSERT INTO TE_BRG VALUES ( 'Time','TIM','timer_reset_time','TIM_timer_reset_time',255,102,46 );
INSERT INTO TE_BRG VALUES ( 'Time','TIM','timer_add_time','TIM_timer_add_time',257,108,46 );
INSERT INTO TE_BRG VALUES ( 'Time','TIM','timer_cancel','TIM_timer_cancel',259,113,46 );
INSERT INTO TE_BRG VALUES ( 'Math','MATH','sqrt','MATH_sqrt',261,118,117 );
INSERT INTO TE_PARM VALUES ( 'A0xtumlsret','',0,'','',60,0,'A0xtumlsret',0,42,1,0,'[ESCHER_SYS_MAX_STRING_LEN]',0,0,0,0,0,0,0 );
INSERT INTO TE_PARM VALUES ( 'x','',0,'','',77,0,'p_x',0,43,0,0,'',261,0,0,0,0,0,119 );
INSERT INTO TE_PARM VALUES ( 'timer_inst_ref','',0,'','',78,0,'p_timer_inst_ref',0,31,0,0,'',259,0,0,0,0,0,114 );
INSERT INTO TE_PARM VALUES ( 'microseconds','',0,'','',79,80,'p_microseconds',0,44,0,0,'',257,0,0,0,0,0,110 );
INSERT INTO TE_PARM VALUES ( 'timer_inst_ref','',1,'','',80,0,'p_timer_inst_ref',0,31,0,0,'',257,0,0,0,0,0,109 );
INSERT INTO TE_PARM VALUES ( 'microseconds','',0,'','',81,82,'p_microseconds',0,44,0,0,'',255,0,0,0,0,0,105 );
INSERT INTO TE_PARM VALUES ( 'timer_inst_ref','',1,'','',82,0,'p_timer_inst_ref',0,31,0,0,'',255,0,0,0,0,0,104 );
INSERT INTO TE_PARM VALUES ( 'timer_inst_ref','',0,'','',83,0,'p_timer_inst_ref',0,31,0,0,'',253,0,0,0,0,0,99 );
INSERT INTO TE_PARM VALUES ( 'event_inst','',0,'','',84,85,'p_event_inst',0,36,0,0,'',251,0,0,0,0,0,95 );
INSERT INTO TE_PARM VALUES ( 'microseconds','',1,'','',85,0,'p_microseconds',0,44,0,0,'',251,0,0,0,0,0,94 );
INSERT INTO TE_PARM VALUES ( 'event_inst','',0,'','',86,87,'p_event_inst',0,36,0,0,'',249,0,0,0,0,0,89 );
INSERT INTO TE_PARM VALUES ( 'microseconds','',1,'(Escher_xtUMLEvent_t *)timeout, p_microseconds','event_inst:timeout, microseconds:PARAM.microseconds',87,0,'p_microseconds',0,44,0,0,'',249,0,0,0,0,0,88 );
INSERT INTO TE_PARM VALUES ( 'date','',0,'','',88,0,'p_date',0,32,0,0,'',245,0,0,0,0,0,80 );
INSERT INTO TE_PARM VALUES ( 'date','',0,'','',89,0,'p_date',0,32,0,0,'',243,0,0,0,0,0,76 );
INSERT INTO TE_PARM VALUES ( 'date','',0,'','',90,0,'p_date',0,32,0,0,'',241,0,0,0,0,0,72 );
INSERT INTO TE_PARM VALUES ( 'date','',0,'','',91,0,'p_date',0,32,0,0,'',239,0,0,0,0,0,68 );
INSERT INTO TE_PARM VALUES ( 'date','',0,'','',92,0,'p_date',0,32,0,0,'',237,0,0,0,0,0,64 );
INSERT INTO TE_PARM VALUES ( 'date','',0,'','',93,0,'p_date',0,32,0,0,'',235,0,0,0,0,0,60 );
INSERT INTO TE_PARM VALUES ( 'year','',5,'','',94,0,'p_year',0,44,0,0,'',233,0,0,0,0,0,56 );
INSERT INTO TE_PARM VALUES ( 'month','',3,'','',95,99,'p_month',0,44,0,0,'',233,0,0,0,0,0,52 );
INSERT INTO TE_PARM VALUES ( 'day','',0,'','',96,97,'p_day',0,44,0,0,'',233,0,0,0,0,0,55 );
INSERT INTO TE_PARM VALUES ( 'hour','',1,'','',97,98,'p_hour',0,44,0,0,'',233,0,0,0,0,0,54 );
INSERT INTO TE_PARM VALUES ( 'minute','',2,'','',98,95,'p_minute',0,44,0,0,'',233,0,0,0,0,0,53 );
INSERT INTO TE_PARM VALUES ( 'second','',4,'','',99,94,'p_second',0,44,0,0,'',233,0,0,0,0,0,51 );
INSERT INTO TE_PARM VALUES ( 'message','',0,'','',100,0,'p_message',0,44,0,0,'',229,0,0,0,0,0,42 );
INSERT INTO TE_PARM VALUES ( 'message','',0,'','',101,102,'p_message',0,42,1,0,'[ESCHER_SYS_MAX_STRING_LEN]',227,0,0,0,0,0,38 );
INSERT INTO TE_PARM VALUES ( 'r','',1,'','',102,0,'p_r',0,43,0,0,'',227,0,0,0,0,0,36 );
INSERT INTO TE_PARM VALUES ( 'message','',0,'','',103,104,'p_message',0,42,1,0,'[ESCHER_SYS_MAX_STRING_LEN]',225,0,0,0,0,0,32 );
INSERT INTO TE_PARM VALUES ( 't','',1,'','',104,0,'p_t',0,30,0,0,'',225,0,0,0,0,0,30 );
INSERT INTO TE_PARM VALUES ( 'message','',1,'','',105,0,'p_message',0,42,1,0,'[ESCHER_SYS_MAX_STRING_LEN]',223,0,0,0,0,0,26 );
INSERT INTO TE_PARM VALUES ( 'd','',0,'','',106,105,'p_d',0,32,0,0,'',223,0,0,0,0,0,24 );
INSERT INTO TE_PARM VALUES ( 'message','',0,'','',107,0,'p_message',0,42,1,0,'[ESCHER_SYS_MAX_STRING_LEN]',221,0,0,0,0,0,20 );
INSERT INTO TE_PARM VALUES ( 'message','',0,'','',108,0,'p_message',0,42,1,0,'[ESCHER_SYS_MAX_STRING_LEN]',219,0,0,0,0,0,16 );
INSERT INTO TE_PARM VALUES ( 'message','',0,'','',109,0,'p_message',0,42,1,0,'[ESCHER_SYS_MAX_STRING_LEN]',217,0,0,0,0,0,11 );
INSERT INTO TE_PARM VALUES ( 'microseconds','',0,'5000000','microseconds:5000000',110,0,'p_microseconds',0,44,0,0,'',213,0,0,0,173,0,0 );
INSERT INTO TE_PARM VALUES ( 'str','select any controller instance of Controller;
if(param.str == "ok")
	generate Controller_A2:''ok'' to controller;
end if;
',0,'p_str','str:PARAM.str',111,0,'p_str',0,42,1,0,'[ESCHER_SYS_MAX_STRING_LEN]',187,0,0,154,0,0,0 );
INSERT INTO TE_PARM VALUES ( 'str','',0,'"takeoff"','str:takeoff',112,0,'p_str',0,42,1,0,'[ESCHER_SYS_MAX_STRING_LEN]',122,0,0,0,0,127,0 );
INSERT INTO TE_PARM VALUES ( 'str','',0,'','',113,0,'p_str',0,42,1,0,'[ESCHER_SYS_MAX_STRING_LEN]',125,0,0,0,0,125,0 );
INSERT INTO TE_WHERE VALUES ( 0,'tello_Controller_AnyWhere1',0,171 );
INSERT INTO TE_WHERE VALUES ( 0,'tello_Controller_AnyWhere2',1,171 );
INSERT INTO TE_WHERE VALUES ( 0,'tello_Controller_AnyWhere3',2,171 );
INSERT INTO TE_EVT VALUES ( 205,'connect',1,'tello_Controller_CBevent1','TELLO_CONTROLLER_CBEVENT1NUM',0,1,1,0,0,153,189,206 );
INSERT INTO TE_EVT VALUES ( 206,'ok',2,'tello_Controller_CBevent2','TELLO_CONTROLLER_CBEVENT2NUM',1,1,1,0,0,168,189,207 );
INSERT INTO TE_EVT VALUES ( 207,'disconnect',3,'tello_Controller_CBevent3','TELLO_CONTROLLER_CBEVENT3NUM',2,0,0,0,0,186,189,208 );
INSERT INTO TE_EVT VALUES ( 208,'disconnected',4,'tello_Controller_CBevent4','TELLO_CONTROLLER_CBEVENT4NUM',3,0,0,0,0,187,189,210 );
INSERT INTO TE_EVT VALUES ( 209,'recv',5,'tello_Controller_CBevent5','TELLO_CONTROLLER_CBEVENT5NUM',6,1,2,0,0,188,189,0 );
INSERT INTO TE_EVT VALUES ( 210,'error',6,'tello_Controller_CBevent6','TELLO_CONTROLLER_CBEVENT6NUM',4,1,1,0,0,170,189,211 );
INSERT INTO TE_EVT VALUES ( 211,'timeout',7,'tello_Controller_CBevent7','TELLO_CONTROLLER_CBEVENT7NUM',5,1,1,0,0,179,189,209 );
INSERT INTO TE_STATE VALUES ( 190,'init','tello_Controller_CB_STATE_1',1,1,0,185,189,193 );
INSERT INTO TE_STATE VALUES ( 193,'connecting','tello_Controller_CB_STATE_2',2,2,1,185,193,196 );
INSERT INTO TE_STATE VALUES ( 196,'connected','tello_Controller_CB_STATE_3',3,3,2,185,199,199 );
INSERT INTO TE_STATE VALUES ( 199,'diconnecting','tello_Controller_CB_STATE_4',4,4,3,185,207,202 );
INSERT INTO TE_STATE VALUES ( 202,'flying','tello_Controller_CB_STATE_5',5,5,4,185,212,0 );
INSERT INTO TE_PO VALUES ( 28,'udp','udp','udp','','','',0,0,0,0,26,123,131,115 );
INSERT INTO TE_SM VALUES ( 189,1,'tello_Controller_CB_STATE_1','tello_Controller_CB_StateEventMatrix','tello_Controller_CB_acts','StateAction_t','tello_Controller_CB_Events_u','tello_Controller_CB_xacts',0,'state_name_strings_CB',5,7,185,'tello_Controller',190,205,'"init","connecting","connected","diconnecting","flying"','"connect","ok","disconnect","disconnected","error","timeout","recv"',1 );
INSERT INTO TE_CLASS VALUES ( 47,'Controller',1,'Controller','','tello_Controller','tello_Controller_CB',1,0,0,0,0,10,0,0,0,0,1,0,0,'tello_Controller_class','tello_Controller_CLASS_NUMBER','tello_Controller_CLASS_NUMBER_CB','tello_Controller_LinkCentral','','tello_Controller_CBDispatch','','',26,171,0 );
INSERT INTO TE_PREFIX VALUES ( 'Escher_','','Escher_','','ESCHER_','Escher_','','','','Escher_','pport_','rport_','channel_' );
INSERT INTO TE_SET VALUES ( 'SYS_MAX_CONTAINERS','Escher_Iterator_s','Escher_SetFactoryInit','Escher_InitSet','Escher_CopySet','Escher_ClearSet','Escher_SetUnion','Escher_SetIntersection','Escher_SetDifference','Escher_SetSymmetricDifference','Escher_SetInsertElement','Escher_SetInsertInstance','Escher_SetInsertBlock','Escher_SetRemoveElement','Escher_SetRemoveInstance','Escher_SetCardinality','Escher_SetContains','Escher_SetEquality','Escher_SetIsEmpty','Escher_SetGetAny','Escher_IteratorReset','Escher_IteratorNext','Escher_ObjectSet_s','Escher_SetElement_s','','' );
INSERT INTO TE_PERSIST VALUES ( 'sys_persist','','ESCHER_PERSIST_INST_CACHE_DEPTH','ESCHER_PERSIST_LINK_CACHE_DEPTH','check_mark_post','','Escher_link_t','','Escher_PersistFactoryInit','Escher_PersistenceCommit','Escher_PersistenceRestore','Escher_PersistDelete','domainnum','Escher_DomainNumber_t','classnum','Escher_ClassNumber_t','index','Escher_InstanceIndex_t','InstanceIdentifier_t','instance_identifier','s1_t','persist_dirty',1,0 );
INSERT INTO TE_EQ VALUES ( 'EVENT_IS_IGNORED','EVENT_CANT_HAPPEN','Escher_systemxtUMLevents','Escher_xtUML_event_pool','Escher_xtUMLEventConstant_t','Escher_xtUMLEvent_t','mc_event_base','ESCHER_SYS_MAX_XTUML_EVENTS','ESCHER_SYS_MAX_SELF_EVENTS','ESCHER_SYS_MAX_NONSELF_EVENTS','Escher_NewxtUMLEvent','Escher_AllocatextUMLEvent','Escher_DeletextUMLEvent','Escher_ModifyxtUMLEvent','Escher_SendSelfEvent','Escher_SendEvent','Escher_EventSearchAndDestroy','Escher_run_flag','e','' );
INSERT INTO TE_ILB VALUES ( '','ESCHER_SYS_MAX_INTERLEAVED_BRIDGES','ESCHER_SYS_MAX_INTERLEAVED_BRIDGE_DATA','InterleaveBridge','InterleaveBridgeDone','GetILBData','DispatchInterleaveBridge' );
INSERT INTO TE_THREAD VALUES ( 'sys_thread','Escher_thread_create','Escher_mutex_lock','Escher_mutex_unlock','Escher_nonbusy_wait','Escher_nonbusy_wake','Escher_thread_shutdown',0,'POSIX',0,1,'' );
INSERT INTO TE_FILE VALUES ( 'h','c','o','tello_sys_main','sys_xtuml','sys_events','sys_nvs','NVS_bridge','sys_sets','tello_sys_types','sys_thread','sys_trace','TIM_bridge','sys_user_co','','sys_persist','sys_xtumlload','sysc_interfaces','RegDefs','.','_ch','_ch','_ch','_ch','.','bridge.mark','system.mark','datatype.mark','event.mark','class.mark','domain.mark','sys_functions.arc','mc3020/arc','.' );
INSERT INTO TE_CALLOUT VALUES ( 'sys_user_co','UserInitializationCallout','UserPreOoaInitializationCallout','UserPostOoaInitializationCallout','UserBackgroundProcessingCallout','UserEventCantHappenCallout','UserPreShutdownCallout','UserPostShutdownCallout','UserEventNoInstanceCallout','UserEventFreeListEmptyCallout','UserEmptyHandleDetectedCallout','UserObjectPoolEmptyCallout','UserNodeListEmptyCallout','UserInterleavedBridgeOverflowCallout','UserSelfEventQueueEmptyCallout','UserNonSelfEventQueueEmptyCallout','UserPersistenceErrorCallout' );
INSERT INTO TE_STRING VALUES ( 'Escher_memset','Escher_memmove','Escher_strcpy','Escher_stradd','Escher_strlen','Escher_strcmp','Escher_strget','Escher_itoa','Escher_atoi','ESCHER_SYS_MAX_STRING_LEN','ESCHER_DEBUG_BUFFER_DEPTH','Escher_u128touuid','Escher_uuidtou128' );
INSERT INTO TE_TRACE VALUES ( 'COMP_MSG_START_TRACE','COMP_MSG_END_TRACE','STATE_TXN_START_TRACE','STATE_TXN_END_TRACE','STATE_TXN_IG_TRACE','STATE_TXN_CH_TRACE','OAL_ACTION_TRACE' );
INSERT INTO TE_COPYRIGHT VALUES ( 'your copyright statement can go here (from te_copyright.body)' );
INSERT INTO TE_DMA VALUES ( 'sys_memory','Escher_malloc','Escher_free',0 );
INSERT INTO TE_CONTAINER VALUES ( '' );
INSERT INTO TE_DLIST VALUES ( '','Escher_SetRemoveDlistNode' );
INSERT INTO TE_SLIST VALUES ( '','Escher_SetRemoveNode' );
INSERT INTO TE_TARGET VALUES ( 'C','#ifdef	__cplusplus
extern	"C"	{
#endif','#ifdef	__cplusplus
}
#endif','main' );
INSERT INTO TE_RELINFO VALUES ( 0,0,0,0,0,0,0,0,'',0,0,0,0 );
INSERT INTO TE_RELSTORE VALUES ( '','','',0,'','self' );
INSERT INTO TE_INSTANCE VALUES ( 'Escher_CreateInstance','Escher_CreatePersistent','Escher_DeleteInstance','Escher_DeletePersistent','self','Escher_GetSelf','Escher_InstanceBase_t','Escher_iHandle_t','Escher_ClassFactoryInit','Escher_Object_s','ESCHER_SYS_MAX_OBJECT_EXTENT','ESCHER_SYS_MAX_ASSOCIATION_EXTENT','ESCHER_SYS_MAX_TRANSIENT_EXTENT','current_state','','Escher_GetDCI','Escher_GetEventDispatcher','Escher_GetThreadAssignment','' );
INSERT INTO TE_TIM VALUES ( 'ESCHER_SYS_MAX_XTUML_TIMERS',1,1,0,'ETimer_t','','' );
INSERT INTO TE_TYPEMAP VALUES ( 'Escher_InstanceIndex_t','u2_t','Escher_ClassSize_t','Escher_size_t','Escher_ClassNumber_t','u2_t','Escher_StateNumber_t','u1_t','Escher_DomainNumber_t','u1_t','Escher_EventNumber_t','u1_t','Escher_EventPriority_t','u1_t','Escher_EventFlags_t','u1_t','Escher_PolyEventRC_t','u1_t','Escher_SEMcell_t','u1_t','','','' );
INSERT INTO TE_EXTENT VALUES ( 'Escher_ObjectSet_s','Escher_Extent_t','active','inactive','','Escher_ClassSize_t','size','Escher_StateNumber_t','initial_state','Escher_SetElement_s*','container','Escher_iHandle_t','pool','Escher_InstanceIndex_t','population','Escher_ClassSize_t','size_no_rel','link_function' );
INSERT INTO TE_PAR VALUES ( 'microseconds',0,'',0,219,110 );
INSERT INTO TE_PAR VALUES ( 'str',0,'',0,218,112 );
INSERT INTO TE_PAR VALUES ( 'microseconds',0,'',0,206,110 );
INSERT INTO TE_PAR VALUES ( 'str',0,'',0,205,112 );
INSERT INTO TE_PAR VALUES ( 'microseconds',0,'',0,198,110 );
INSERT INTO TE_PAR VALUES ( 'microseconds',0,'',1,184,87 );
INSERT INTO TE_PAR VALUES ( 'event_inst',0,'',0,183,86 );
INSERT INTO TE_PAR VALUES ( 'str',0,'',0,138,111 );
INSERT INTO TE_MACT VALUES ( 116,115,'tello_udp_close','','tello_udp_close','tello','','udp','udp','close',0,0,'SPR_RO',0,0,0,0,0,145,0,26,28,0,118 );
INSERT INTO TE_MACT VALUES ( 119,118,'tello_udp_open','','tello_udp_open','tello','','udp','udp','open',0,0,'SPR_RO',0,0,1,0,0,142,0,26,28,0,124 );
INSERT INTO TE_MACT VALUES ( 122,121,'tello_udp_send','','tello_udp_send','tello','str:takeoff','udp','udp','send',0,0,'SPR_RO',0,0,3,0,0,139,0,26,28,0,0 );
INSERT INTO TE_MACT VALUES ( 125,124,'tello_udp_recv','','tello_udp_recv','tello','','udp','udp','recv',1,0,'SPR_RS',0,0,2,0,0,0,133,26,28,209,121 );
INSERT INTO TE_IIR VALUES ( 29,'tello','udp','udp',0,'','',0,132,28,0 );
INSERT INTO TE_DCI VALUES ( 26,'tello_CLASS_NUMBERS','tello_CLASS_U','tello_task_numbers','tello_TASK_NUMBERS','tello_MAX_CLASS_NUMBERS','tello_STATE_MODELS','tello_CLASS_INFO_INIT','tello_class_info' );
INSERT INTO TE_CIA VALUES ( 'domain_class_info','Escher_Extent_t','active_count','domain_class_count','Escher_ClassNumber_t' );
INSERT INTO TE_BLK VALUES ( 243,0,'','',1,'  ',0 );
INSERT INTO TE_BLK VALUES ( 239,0,'','',1,'  ',0 );
INSERT INTO TE_BLK VALUES ( 235,0,'','',1,'  ',0 );
INSERT INTO TE_BLK VALUES ( 231,0,'','',1,'  ',0 );
INSERT INTO TE_BLK VALUES ( 227,0,'','',1,'  ',0 );
INSERT INTO TE_BLK VALUES ( 223,0,'','',1,'  ',0 );
INSERT INTO TE_BLK VALUES ( 215,216,'','',1,'  ',204 );
INSERT INTO TE_BLK VALUES ( 210,211,'','',1,'  ',201 );
INSERT INTO TE_BLK VALUES ( 202,203,'','',1,'  ',198 );
INSERT INTO TE_BLK VALUES ( 196,197,'','',1,'  ',195 );
INSERT INTO TE_BLK VALUES ( 192,0,'','',1,'  ',192 );
INSERT INTO TE_BLK VALUES ( 175,176,'Escher_Timer_t timer;Escher_xtUMLEvent_t * timeout;','',1,'  ',213 );
INSERT INTO TE_BLK VALUES ( 161,169,'','',2,'    ',0 );
INSERT INTO TE_BLK VALUES ( 158,167,'','',2,'    ',0 );
INSERT INTO TE_BLK VALUES ( 156,157,'','',1,'  ',187 );
INSERT INTO TE_BLK VALUES ( 151,152,'','',1,'  ',188 );
INSERT INTO TE_BLK VALUES ( 147,0,'','',1,'  ',116 );
INSERT INTO TE_BLK VALUES ( 144,0,'','',1,'  ',119 );
INSERT INTO TE_BLK VALUES ( 141,0,'','',1,'  ',122 );
INSERT INTO TE_BLK VALUES ( 135,136,'','',1,'  ',125 );
INSERT INTO TE_BLK VALUES ( 121,0,'','',1,'  ',261 );
INSERT INTO TE_BLK VALUES ( 116,0,'','',1,'  ',259 );
INSERT INTO TE_BLK VALUES ( 112,0,'','',1,'  ',257 );
INSERT INTO TE_BLK VALUES ( 107,0,'','',1,'  ',255 );
INSERT INTO TE_BLK VALUES ( 101,0,'','',1,'  ',253 );
INSERT INTO TE_BLK VALUES ( 97,0,'','',1,'  ',251 );
INSERT INTO TE_BLK VALUES ( 92,0,'','',1,'  ',249 );
INSERT INTO TE_BLK VALUES ( 85,0,'','',1,'  ',247 );
INSERT INTO TE_BLK VALUES ( 82,0,'','',1,'  ',245 );
INSERT INTO TE_BLK VALUES ( 78,0,'','',1,'  ',243 );
INSERT INTO TE_BLK VALUES ( 74,0,'','',1,'  ',241 );
INSERT INTO TE_BLK VALUES ( 70,0,'','',1,'  ',239 );
INSERT INTO TE_BLK VALUES ( 66,0,'','',1,'  ',237 );
INSERT INTO TE_BLK VALUES ( 62,0,'','',1,'  ',235 );
INSERT INTO TE_BLK VALUES ( 58,0,'','',1,'  ',233 );
INSERT INTO TE_BLK VALUES ( 49,0,'','',1,'  ',231 );
INSERT INTO TE_BLK VALUES ( 45,0,'','',1,'  ',229 );
INSERT INTO TE_BLK VALUES ( 40,0,'','',1,'  ',227 );
INSERT INTO TE_BLK VALUES ( 34,0,'','',1,'  ',225 );
INSERT INTO TE_BLK VALUES ( 28,0,'','',1,'  ',223 );
INSERT INTO TE_BLK VALUES ( 22,0,'','',1,'  ',221 );
INSERT INTO TE_BLK VALUES ( 18,0,'','',1,'  ',219 );
INSERT INTO TE_BLK VALUES ( 14,0,'','',1,'  ',217 );
INSERT INTO TE_BLK VALUES ( 7,8,'','',1,'  ',215 );
INSERT INTO TE_ASSIGN VALUES ( 1,0,'','Escher_Timer_t timer',12,'timer','TIM_timer_start( (Escher_xtUMLEvent_t *)timeout, p_microseconds )',1,0 );
INSERT INTO TE_BRIDGE VALUES ( '','',23 );
INSERT INTO TE_CREATE_EVENT VALUES ( 0,0,'','','','','','',8 );
INSERT INTO TE_CREATE_INSTANCE VALUES ( 0,0,'','',2 );
INSERT INTO TE_DELETE_INSTANCE VALUES ( 0,'',0,7 );
INSERT INTO TE_ELIF VALUES ( '',6 );
INSERT INTO TE_EVENT_PARAMETERS VALUES ( '','','','',16 );
INSERT INTO TE_FOR VALUES ( 0,'','','',3 );
INSERT INTO TE_FUNCTION VALUES ( '','',24 );
INSERT INTO TE_GENERATE VALUES ( 0,0,'','','','',17 );
INSERT INTO TE_GENERATE_CREATOR_EVENT VALUES ( 0,0,'','','','',18 );
INSERT INTO TE_GENERATE_PRECREATED_EVENT VALUES ( 0,'',15 );
INSERT INTO TE_GENERATE_TO_CLASS VALUES ( 0,0,'','','','',19 );
INSERT INTO TE_IF VALUES ( '',4 );
INSERT INTO TE_IOP VALUES ( '','',21 );
INSERT INTO TE_OPERATION VALUES ( 0,'','','',22 );
INSERT INTO TE_RELATE VALUES ( 0,0,0,0,0,'','','',9 );
INSERT INTO TE_RELATE_USING VALUES ( 0,0,0,0,0,0,'','','','','','',10 );
INSERT INTO TE_RETURN VALUES ( '','','',25 );
INSERT INTO TE_SELECT VALUES ( 0,0,'','','','','',13 );
INSERT INTO TE_SELECT_WHERE VALUES ( 0,0,'','','','','','','',0,0,14 );
INSERT INTO TE_SGN VALUES ( 0,0,'','','','',20 );
INSERT INTO TE_UNRELATE VALUES ( 0,0,0,0,0,'','','',11 );
INSERT INTO TE_UNRELATE_USING VALUES ( 0,0,0,0,0,0,'','','','','','',12 );
INSERT INTO TE_WHILE VALUES ( '',5 );
INSERT INTO S_EE VALUES ( 3,'Architecture','','ARCH',0,'','Architecture',1 );
INSERT INTO S_EE VALUES ( 9,'Logging','','LOG',0,'','Logging',1 );
INSERT INTO S_EE VALUES ( 46,'Time','The Time external entity provides date, timestamp, and timer related operations.','TIM',0,'','Time',1 );
INSERT INTO S_EE VALUES ( 117,'Math','','MATH',0,'','Math',1 );
INSERT INTO C_C VALUES ( 130,0,0,'tello','',0,0,0,'' );
INSERT INTO C_I VALUES ( 123,0,'udp','' );
INSERT INTO C_R VALUES ( 132,'udp','','Unnamed Interface','tello::udp::udp' );
INSERT INTO C_EP VALUES ( 124,123,-1,'recv','' );
INSERT INTO C_EP VALUES ( 126,123,-1,'send','' );
INSERT INTO C_EP VALUES ( 128,123,-1,'open','' );
INSERT INTO C_EP VALUES ( 129,123,-1,'close','' );
INSERT INTO C_AS VALUES ( 124,'recv','',1,0 );
INSERT INTO C_IO VALUES ( 126,5,'send','',0,'',0 );
INSERT INTO C_IO VALUES ( 128,5,'open','',0,'',126 );
INSERT INTO C_IO VALUES ( 129,5,'close','',0,'',128 );
INSERT INTO C_PP VALUES ( 125,124,12,'str','',0,'',0 );
INSERT INTO C_PP VALUES ( 127,126,12,'str','',0,'',0 );
INSERT INTO C_IR VALUES ( 132,123,0,131 );
INSERT INTO C_PO VALUES ( 131,130,'udp',0,0 );
INSERT INTO SPR_REP VALUES ( 133,124,132 );
INSERT INTO SPR_REP VALUES ( 139,126,132 );
INSERT INTO SPR_REP VALUES ( 142,128,132 );
INSERT INTO SPR_REP VALUES ( 145,129,132 );
INSERT INTO SPR_RO VALUES ( 139,'send','','',1,0 );
INSERT INTO SPR_RO VALUES ( 142,'open','','',1,0 );
INSERT INTO SPR_RO VALUES ( 145,'close','','',1,0 );
INSERT INTO SPR_RS VALUES ( 133,'recv','','::recv( str:param.str );',1,0 );
INSERT INTO SM_SM VALUES ( 185,'',0 );
INSERT INTO SM_STATE VALUES ( 189,185,0,'init',1,0 );
INSERT INTO SM_STATE VALUES ( 193,185,0,'connecting',2,0 );
INSERT INTO SM_STATE VALUES ( 199,185,0,'connected',3,0 );
INSERT INTO SM_STATE VALUES ( 207,185,0,'diconnecting',4,0 );
INSERT INTO SM_STATE VALUES ( 212,185,0,'flying',5,0 );
INSERT INTO SM_EVT VALUES ( 153,185,0,1,'connect',0,'','Controller_A1','' );
INSERT INTO SM_EVT VALUES ( 168,185,0,2,'ok',0,'','Controller_A2','' );
INSERT INTO SM_EVT VALUES ( 186,185,0,3,'disconnect',0,'','Controller_A3','' );
INSERT INTO SM_EVT VALUES ( 187,185,0,4,'disconnected',0,'','Controller_A4','' );
INSERT INTO SM_EVT VALUES ( 188,185,0,5,'recv',0,'','udp::recv','' );
INSERT INTO SM_EVT VALUES ( 170,185,0,6,'error',0,'','Controller_A6','' );
INSERT INTO SM_EVT VALUES ( 179,185,0,7,'timeout',0,'','Controller_A7','' );
INSERT INTO SM_SEME VALUES ( 189,153,185,0 );
INSERT INTO SM_SEME VALUES ( 189,168,185,0 );
INSERT INTO SM_SEME VALUES ( 189,186,185,0 );
INSERT INTO SM_SEME VALUES ( 189,187,185,0 );
INSERT INTO SM_SEME VALUES ( 189,188,185,0 );
INSERT INTO SM_SEME VALUES ( 189,170,185,0 );
INSERT INTO SM_SEME VALUES ( 189,179,185,0 );
INSERT INTO SM_SEME VALUES ( 193,153,185,0 );
INSERT INTO SM_SEME VALUES ( 193,168,185,0 );
INSERT INTO SM_SEME VALUES ( 193,186,185,0 );
INSERT INTO SM_SEME VALUES ( 193,187,185,0 );
INSERT INTO SM_SEME VALUES ( 193,188,185,0 );
INSERT INTO SM_SEME VALUES ( 193,170,185,0 );
INSERT INTO SM_SEME VALUES ( 193,179,185,0 );
INSERT INTO SM_SEME VALUES ( 199,153,185,0 );
INSERT INTO SM_SEME VALUES ( 199,168,185,0 );
INSERT INTO SM_SEME VALUES ( 199,186,185,0 );
INSERT INTO SM_SEME VALUES ( 199,187,185,0 );
INSERT INTO SM_SEME VALUES ( 199,188,185,0 );
INSERT INTO SM_SEME VALUES ( 199,170,185,0 );
INSERT INTO SM_SEME VALUES ( 199,179,185,0 );
INSERT INTO SM_SEME VALUES ( 207,153,185,0 );
INSERT INTO SM_SEME VALUES ( 207,168,185,0 );
INSERT INTO SM_SEME VALUES ( 207,186,185,0 );
INSERT INTO SM_SEME VALUES ( 207,187,185,0 );
INSERT INTO SM_SEME VALUES ( 207,188,185,0 );
INSERT INTO SM_SEME VALUES ( 207,170,185,0 );
INSERT INTO SM_SEME VALUES ( 207,179,185,0 );
INSERT INTO SM_SEME VALUES ( 212,153,185,0 );
INSERT INTO SM_SEME VALUES ( 212,168,185,0 );
INSERT INTO SM_SEME VALUES ( 212,186,185,0 );
INSERT INTO SM_SEME VALUES ( 212,187,185,0 );
INSERT INTO SM_SEME VALUES ( 212,188,185,0 );
INSERT INTO SM_SEME VALUES ( 212,170,185,0 );
INSERT INTO SM_SEME VALUES ( 212,179,185,0 );
INSERT INTO SM_NSTXN VALUES ( 220,185,189,153,0 );
INSERT INTO SM_NSTXN VALUES ( 224,185,193,168,0 );
INSERT INTO SM_NSTXN VALUES ( 228,185,207,187,0 );
INSERT INTO SM_NSTXN VALUES ( 232,185,199,179,0 );
INSERT INTO SM_NSTXN VALUES ( 236,185,212,179,0 );
INSERT INTO SM_NSTXN VALUES ( 240,185,193,179,0 );
INSERT INTO SM_EIGN VALUES ( 199,168,185,0,'' );
INSERT INTO SM_CH VALUES ( 189,168,185,0,'' );
INSERT INTO SM_CH VALUES ( 189,186,185,0,'' );
INSERT INTO SM_CH VALUES ( 189,187,185,0,'' );
INSERT INTO SM_CH VALUES ( 189,188,185,0,'' );
INSERT INTO SM_CH VALUES ( 189,170,185,0,'' );
INSERT INTO SM_CH VALUES ( 189,179,185,0,'' );
INSERT INTO SM_CH VALUES ( 193,153,185,0,'' );
INSERT INTO SM_CH VALUES ( 193,186,185,0,'' );
INSERT INTO SM_CH VALUES ( 193,187,185,0,'' );
INSERT INTO SM_CH VALUES ( 193,188,185,0,'' );
INSERT INTO SM_CH VALUES ( 193,170,185,0,'' );
INSERT INTO SM_CH VALUES ( 199,153,185,0,'' );
INSERT INTO SM_CH VALUES ( 199,186,185,0,'' );
INSERT INTO SM_CH VALUES ( 199,187,185,0,'' );
INSERT INTO SM_CH VALUES ( 199,188,185,0,'' );
INSERT INTO SM_CH VALUES ( 199,170,185,0,'' );
INSERT INTO SM_CH VALUES ( 207,153,185,0,'' );
INSERT INTO SM_CH VALUES ( 207,168,185,0,'' );
INSERT INTO SM_CH VALUES ( 207,186,185,0,'' );
INSERT INTO SM_CH VALUES ( 207,188,185,0,'' );
INSERT INTO SM_CH VALUES ( 207,170,185,0,'' );
INSERT INTO SM_CH VALUES ( 207,179,185,0,'' );
INSERT INTO SM_CH VALUES ( 212,153,185,0,'' );
INSERT INTO SM_CH VALUES ( 212,168,185,0,'' );
INSERT INTO SM_CH VALUES ( 212,186,185,0,'' );
INSERT INTO SM_CH VALUES ( 212,187,185,0,'' );
INSERT INTO SM_CH VALUES ( 212,188,185,0,'' );
INSERT INTO SM_CH VALUES ( 212,170,185,0,'' );
INSERT INTO SM_TXN VALUES ( 220,185,193,0 );
INSERT INTO SM_TXN VALUES ( 224,185,199,0 );
INSERT INTO SM_TXN VALUES ( 228,185,189,0 );
INSERT INTO SM_TXN VALUES ( 232,185,212,0 );
INSERT INTO SM_TXN VALUES ( 236,185,207,0 );
INSERT INTO SM_TXN VALUES ( 240,185,199,0 );
INSERT INTO SM_MOORE VALUES ( 185 );
INSERT INTO SM_MOAH VALUES ( 190,185,189 );
INSERT INTO SM_MOAH VALUES ( 194,185,193 );
INSERT INTO SM_MOAH VALUES ( 200,185,199 );
INSERT INTO SM_MOAH VALUES ( 208,185,207 );
INSERT INTO SM_MOAH VALUES ( 213,185,212 );
INSERT INTO SM_AH VALUES ( 190,185 );
INSERT INTO SM_AH VALUES ( 194,185 );
INSERT INTO SM_AH VALUES ( 200,185 );
INSERT INTO SM_AH VALUES ( 208,185 );
INSERT INTO SM_AH VALUES ( 213,185 );
INSERT INTO SM_AH VALUES ( 221,185 );
INSERT INTO SM_AH VALUES ( 225,185 );
INSERT INTO SM_AH VALUES ( 229,185 );
INSERT INTO SM_AH VALUES ( 233,185 );
INSERT INTO SM_AH VALUES ( 237,185 );
INSERT INTO SM_AH VALUES ( 241,185 );
INSERT INTO SM_ACT VALUES ( 190,185,1,'','',0 );
INSERT INTO SM_ACT VALUES ( 194,185,1,'//udp::open();
//udp::send( str:"command" );
Controller::timer( microseconds:5000000);
','',0 );
INSERT INTO SM_ACT VALUES ( 200,185,1,'udp::send( str:"takeoff" );
Controller::timer( microseconds:5000 );
','',0 );
INSERT INTO SM_ACT VALUES ( 208,185,1,'udp::close();','',0 );
INSERT INTO SM_ACT VALUES ( 213,185,1,'udp::send( str:"land" );
Controller::timer( microseconds:5000000 );
','',0 );
INSERT INTO SM_ACT VALUES ( 221,185,1,'','',0 );
INSERT INTO SM_ACT VALUES ( 225,185,1,'','',0 );
INSERT INTO SM_ACT VALUES ( 229,185,1,'','',0 );
INSERT INTO SM_ACT VALUES ( 233,185,1,'','',0 );
INSERT INTO SM_ACT VALUES ( 237,185,1,'','',0 );
INSERT INTO SM_ACT VALUES ( 241,185,1,'','',0 );
INSERT INTO SM_ASM VALUES ( 185,171 );
INSERT INTO SM_SEVT VALUES ( 153,185,0 );
INSERT INTO SM_SEVT VALUES ( 168,185,0 );
INSERT INTO SM_SEVT VALUES ( 186,185,0 );
INSERT INTO SM_SEVT VALUES ( 187,185,0 );
INSERT INTO SM_SEVT VALUES ( 188,185,0 );
INSERT INTO SM_SEVT VALUES ( 170,185,0 );
INSERT INTO SM_SEVT VALUES ( 179,185,0 );
INSERT INTO SM_LEVT VALUES ( 153,185,0 );
INSERT INTO SM_LEVT VALUES ( 168,185,0 );
INSERT INTO SM_LEVT VALUES ( 186,185,0 );
INSERT INTO SM_LEVT VALUES ( 187,185,0 );
INSERT INTO SM_LEVT VALUES ( 170,185,0 );
INSERT INTO SM_LEVT VALUES ( 179,185,0 );
INSERT INTO SM_SGEVT VALUES ( 188,185,0,0,133,'udp::recv' );
INSERT INTO SM_TAH VALUES ( 221,185,220 );
INSERT INTO SM_TAH VALUES ( 225,185,224 );
INSERT INTO SM_TAH VALUES ( 229,185,228 );
INSERT INTO SM_TAH VALUES ( 233,185,232 );
INSERT INTO SM_TAH VALUES ( 237,185,236 );
INSERT INTO SM_TAH VALUES ( 241,185,240 );
INSERT INTO E_CEA VALUES ( 176 );
INSERT INTO E_GAR VALUES ( 152 );
INSERT INTO E_GAR VALUES ( 167 );
INSERT INTO E_GAR VALUES ( 169 );
INSERT INTO E_ESS VALUES ( 152,1,0,1,10,1,24,1,37,0,0,0,0 );
INSERT INTO E_ESS VALUES ( 167,1,0,2,11,2,25,2,33,0,0,0,0 );
INSERT INTO E_ESS VALUES ( 169,1,0,4,11,4,25,4,36,0,0,0,0 );
INSERT INTO E_ESS VALUES ( 176,1,0,1,34,1,48,1,61,0,0,0,0 );
INSERT INTO E_CES VALUES ( 176,1,178 );
INSERT INTO E_GES VALUES ( 152 );
INSERT INTO E_GES VALUES ( 167 );
INSERT INTO E_GES VALUES ( 169 );
INSERT INTO E_CSME VALUES ( 176,179 );
INSERT INTO E_GSME VALUES ( 152,153 );
INSERT INTO E_GSME VALUES ( 167,168 );
INSERT INTO E_GSME VALUES ( 169,170 );
INSERT INTO PE_PE VALUES ( 3,1,2,0,5 );
INSERT INTO PE_PE VALUES ( 9,1,2,0,5 );
INSERT INTO PE_PE VALUES ( 46,1,2,0,5 );
INSERT INTO PE_PE VALUES ( 117,1,2,0,5 );
INSERT INTO PE_PE VALUES ( 123,1,122,0,6 );
INSERT INTO PE_PE VALUES ( 130,1,122,0,2 );
INSERT INTO PE_PE VALUES ( 148,1,0,130,7 );
INSERT INTO PE_PE VALUES ( 149,1,148,0,1 );
INSERT INTO PE_PE VALUES ( 137,1,148,0,1 );
INSERT INTO PE_PE VALUES ( 171,1,148,0,4 );
INSERT INTO PE_PE VALUES ( 5,1,0,0,3 );
INSERT INTO PE_PE VALUES ( 103,1,0,0,3 );
INSERT INTO PE_PE VALUES ( 43,1,0,0,3 );
INSERT INTO PE_PE VALUES ( 37,1,0,0,3 );
INSERT INTO PE_PE VALUES ( 12,1,0,0,3 );
INSERT INTO PE_PE VALUES ( 244,1,0,0,3 );
INSERT INTO PE_PE VALUES ( 245,1,0,0,3 );
INSERT INTO PE_PE VALUES ( 246,1,0,0,3 );
INSERT INTO PE_PE VALUES ( 247,1,0,0,3 );
INSERT INTO PE_PE VALUES ( 248,1,0,0,3 );
INSERT INTO PE_PE VALUES ( 90,1,0,0,3 );
INSERT INTO PE_PE VALUES ( 249,1,0,0,3 );
INSERT INTO PE_PE VALUES ( 250,1,0,0,3 );
INSERT INTO PE_PE VALUES ( 251,1,0,0,3 );
INSERT INTO PE_PE VALUES ( 25,1,0,0,3 );
INSERT INTO PE_PE VALUES ( 87,1,0,0,3 );
INSERT INTO PE_PE VALUES ( 31,1,0,0,3 );
INSERT INTO S_DT VALUES ( 5,0,'void','','' );
INSERT INTO S_DT VALUES ( 103,0,'boolean','','' );
INSERT INTO S_DT VALUES ( 43,0,'integer','','' );
INSERT INTO S_DT VALUES ( 37,0,'real','','' );
INSERT INTO S_DT VALUES ( 12,0,'string','','' );
INSERT INTO S_DT VALUES ( 244,0,'unique_id','','' );
INSERT INTO S_DT VALUES ( 245,0,'state<State_Model>','','' );
INSERT INTO S_DT VALUES ( 246,0,'same_as<Base_Attribute>','','' );
INSERT INTO S_DT VALUES ( 247,0,'inst_ref<Object>','','' );
INSERT INTO S_DT VALUES ( 248,0,'inst_ref_set<Object>','','' );
INSERT INTO S_DT VALUES ( 90,0,'inst<Event>','','' );
INSERT INTO S_DT VALUES ( 249,0,'inst<Mapping>','','' );
INSERT INTO S_DT VALUES ( 250,0,'inst_ref<Mapping>','','' );
INSERT INTO S_DT VALUES ( 251,0,'component_ref','','' );
INSERT INTO S_DT VALUES ( 25,0,'date','','' );
INSERT INTO S_DT VALUES ( 87,0,'inst_ref<Timer>','','' );
INSERT INTO S_DT VALUES ( 31,0,'timestamp','','' );
