-- root-types-contained: SystemModel_c,PackageableElement_c,DataType_c,CoreDataType_c,UserDataType_c
-- BP 7.1 content: StreamData syschar: 3 persistence-version: 7.1.6

INSERT INTO S_SYS
	VALUES ("d25c3a4c-f497-4e3d-b314-9177adc7ed8f",
	'tello',
	1);
INSERT INTO EP_PKG
	VALUES ("9fbaf001-7b06-4469-983e-f9c76236367d",
	"d25c3a4c-f497-4e3d-b314-9177adc7ed8f",
	"d25c3a4c-f497-4e3d-b314-9177adc7ed8f",
	'Shared_EEs',
	'',
	0);
INSERT INTO PE_PE
	VALUES ("8e13f2b2-ff3f-4daa-8908-72421a370a8e",
	1,
	"9fbaf001-7b06-4469-983e-f9c76236367d",
	"00000000-0000-0000-0000-000000000000",
	5);
INSERT INTO S_EE
	VALUES ("8e13f2b2-ff3f-4daa-8908-72421a370a8e",
	'Architecture',
	'',
	'ARCH',
	"00000000-0000-0000-0000-000000000000",
	'',
	'Architecture',
	1);
INSERT INTO S_BRG
	VALUES ("32a59edd-cfad-4d04-8e23-9b06071aa40b",
	"8e13f2b2-ff3f-4daa-8908-72421a370a8e",
	'shutdown',
	'',
	0,
	"ba5eda7a-def5-0000-0000-000000000000",
	'control stop;',
	1,
	'',
	0);
INSERT INTO ACT_BRB
	VALUES ("b4bead4c-7e2b-4c42-ae24-edd635fea912",
	"32a59edd-cfad-4d04-8e23-9b06071aa40b");
INSERT INTO ACT_ACT
	VALUES ("b4bead4c-7e2b-4c42-ae24-edd635fea912",
	'bridge',
	0,
	"d2a666b8-9461-4035-a15e-a604b34cf19d",
	"00000000-0000-0000-0000-000000000000",
	0,
	'Architecture::shutdown',
	"00000000-0000-0000-0000-000000000000");
INSERT INTO ACT_BLK
	VALUES ("d2a666b8-9461-4035-a15e-a604b34cf19d",
	0,
	0,
	0,
	'',
	'',
	'',
	1,
	1,
	0,
	0,
	0,
	0,
	0,
	0,
	0,
	0,
	0,
	0,
	0,
	"b4bead4c-7e2b-4c42-ae24-edd635fea912",
	"00000000-0000-0000-0000-000000000000");
INSERT INTO ACT_SMT
	VALUES ("5f99b6ef-6ac8-470b-b0c0-402e367f2468",
	"d2a666b8-9461-4035-a15e-a604b34cf19d",
	"00000000-0000-0000-0000-000000000000",
	1,
	1,
	'Architecture::shutdown line: 1');
INSERT INTO ACT_CTL
	VALUES ("5f99b6ef-6ac8-470b-b0c0-402e367f2468");
INSERT INTO PE_PE
	VALUES ("6c64fb51-9b67-4d83-a879-0d5f09e41675",
	1,
	"9fbaf001-7b06-4469-983e-f9c76236367d",
	"00000000-0000-0000-0000-000000000000",
	5);
INSERT INTO S_EE
	VALUES ("6c64fb51-9b67-4d83-a879-0d5f09e41675",
	'Logging',
	'',
	'LOG',
	"00000000-0000-0000-0000-000000000000",
	'',
	'Logging',
	1);
INSERT INTO S_BRG
	VALUES ("578b26a8-d6d4-4c9d-93b4-ce8f5fe6cb9c",
	"6c64fb51-9b67-4d83-a879-0d5f09e41675",
	'LogSuccess',
	'',
	0,
	"ba5eda7a-def5-0000-0000-000000000000",
	'',
	1,
	'',
	0);
INSERT INTO S_BPARM
	VALUES ("94492264-da2e-4b78-aa73-9de320eeea6c",
	"578b26a8-d6d4-4c9d-93b4-ce8f5fe6cb9c",
	'message',
	"ba5eda7a-def5-0000-0000-000000000004",
	0,
	'',
	"00000000-0000-0000-0000-000000000000",
	'');
INSERT INTO ACT_BRB
	VALUES ("07101e4b-c2e6-4fd1-b969-7c4f49534c20",
	"578b26a8-d6d4-4c9d-93b4-ce8f5fe6cb9c");
INSERT INTO ACT_ACT
	VALUES ("07101e4b-c2e6-4fd1-b969-7c4f49534c20",
	'bridge',
	0,
	"7d0680e3-1cdc-43cf-8cdb-9476d2c76c96",
	"00000000-0000-0000-0000-000000000000",
	0,
	'Logging::LogSuccess',
	"00000000-0000-0000-0000-000000000000");
INSERT INTO ACT_BLK
	VALUES ("7d0680e3-1cdc-43cf-8cdb-9476d2c76c96",
	0,
	0,
	0,
	'',
	'',
	'',
	0,
	0,
	0,
	0,
	0,
	0,
	0,
	0,
	0,
	0,
	0,
	0,
	0,
	"07101e4b-c2e6-4fd1-b969-7c4f49534c20",
	"00000000-0000-0000-0000-000000000000");
INSERT INTO S_BRG
	VALUES ("c04bbeb5-4b40-45bf-8d0e-096c2f0dbae0",
	"6c64fb51-9b67-4d83-a879-0d5f09e41675",
	'LogFailure',
	'',
	0,
	"ba5eda7a-def5-0000-0000-000000000000",
	'',
	1,
	'',
	0);
INSERT INTO S_BPARM
	VALUES ("28603289-40b2-4794-9b69-80546e7089e4",
	"c04bbeb5-4b40-45bf-8d0e-096c2f0dbae0",
	'message',
	"ba5eda7a-def5-0000-0000-000000000004",
	0,
	'',
	"00000000-0000-0000-0000-000000000000",
	'');
INSERT INTO ACT_BRB
	VALUES ("ecaf79ef-6e50-499d-a2aa-6f6bab169bcf",
	"c04bbeb5-4b40-45bf-8d0e-096c2f0dbae0");
INSERT INTO ACT_ACT
	VALUES ("ecaf79ef-6e50-499d-a2aa-6f6bab169bcf",
	'bridge',
	0,
	"b3321170-f45c-45ea-a898-0e72f2a9e61f",
	"00000000-0000-0000-0000-000000000000",
	0,
	'Logging::LogFailure',
	"00000000-0000-0000-0000-000000000000");
INSERT INTO ACT_BLK
	VALUES ("b3321170-f45c-45ea-a898-0e72f2a9e61f",
	0,
	0,
	0,
	'',
	'',
	'',
	0,
	0,
	0,
	0,
	0,
	0,
	0,
	0,
	0,
	0,
	0,
	0,
	0,
	"ecaf79ef-6e50-499d-a2aa-6f6bab169bcf",
	"00000000-0000-0000-0000-000000000000");
INSERT INTO S_BRG
	VALUES ("1801b302-5bad-4959-9561-279a118e8cec",
	"6c64fb51-9b67-4d83-a879-0d5f09e41675",
	'LogInfo',
	'',
	0,
	"ba5eda7a-def5-0000-0000-000000000000",
	'',
	1,
	'',
	0);
INSERT INTO S_BPARM
	VALUES ("23729258-aeb8-45b6-bb46-14ba2bff87e1",
	"1801b302-5bad-4959-9561-279a118e8cec",
	'message',
	"ba5eda7a-def5-0000-0000-000000000004",
	0,
	'',
	"00000000-0000-0000-0000-000000000000",
	'');
INSERT INTO ACT_BRB
	VALUES ("fee6a9a0-99a9-460d-b776-762ba1e4c34c",
	"1801b302-5bad-4959-9561-279a118e8cec");
INSERT INTO ACT_ACT
	VALUES ("fee6a9a0-99a9-460d-b776-762ba1e4c34c",
	'bridge',
	0,
	"df357b4e-d871-431d-aa06-01952fec0a30",
	"00000000-0000-0000-0000-000000000000",
	0,
	'Logging::LogInfo',
	"00000000-0000-0000-0000-000000000000");
INSERT INTO ACT_BLK
	VALUES ("df357b4e-d871-431d-aa06-01952fec0a30",
	0,
	0,
	0,
	'',
	'',
	'',
	0,
	0,
	0,
	0,
	0,
	0,
	0,
	0,
	0,
	0,
	0,
	0,
	0,
	"fee6a9a0-99a9-460d-b776-762ba1e4c34c",
	"00000000-0000-0000-0000-000000000000");
INSERT INTO S_BRG
	VALUES ("6317b9d1-696d-4726-8ef2-294844d5d6f6",
	"6c64fb51-9b67-4d83-a879-0d5f09e41675",
	'LogDate',
	'',
	0,
	"ba5eda7a-def5-0000-0000-000000000000",
	'',
	1,
	'',
	0);
INSERT INTO S_BPARM
	VALUES ("0593a4f6-4d73-43af-b0a4-a59c1a7a783a",
	"6317b9d1-696d-4726-8ef2-294844d5d6f6",
	'd',
	"ba5eda7a-def5-0000-0000-00000000000e",
	0,
	'',
	"00000000-0000-0000-0000-000000000000",
	'');
INSERT INTO S_BPARM
	VALUES ("70c5c977-33f8-4185-962c-4f300cac1feb",
	"6317b9d1-696d-4726-8ef2-294844d5d6f6",
	'message',
	"ba5eda7a-def5-0000-0000-000000000004",
	0,
	'',
	"0593a4f6-4d73-43af-b0a4-a59c1a7a783a",
	'');
INSERT INTO ACT_BRB
	VALUES ("16c2f33b-338b-4e10-b509-2465e9cf6cb3",
	"6317b9d1-696d-4726-8ef2-294844d5d6f6");
INSERT INTO ACT_ACT
	VALUES ("16c2f33b-338b-4e10-b509-2465e9cf6cb3",
	'bridge',
	0,
	"9b4f8fc2-db90-4694-ad7e-6f4a8443c03a",
	"00000000-0000-0000-0000-000000000000",
	0,
	'Logging::LogDate',
	"00000000-0000-0000-0000-000000000000");
INSERT INTO ACT_BLK
	VALUES ("9b4f8fc2-db90-4694-ad7e-6f4a8443c03a",
	0,
	0,
	0,
	'',
	'',
	'',
	0,
	0,
	0,
	0,
	0,
	0,
	0,
	0,
	0,
	0,
	0,
	0,
	0,
	"16c2f33b-338b-4e10-b509-2465e9cf6cb3",
	"00000000-0000-0000-0000-000000000000");
INSERT INTO S_BRG
	VALUES ("769f6ce0-1a05-4d2e-ae4a-236623172415",
	"6c64fb51-9b67-4d83-a879-0d5f09e41675",
	'LogTime',
	'',
	0,
	"ba5eda7a-def5-0000-0000-000000000000",
	'',
	1,
	'',
	0);
INSERT INTO S_BPARM
	VALUES ("92339601-aba7-4023-87fd-723f8d053064",
	"769f6ce0-1a05-4d2e-ae4a-236623172415",
	't',
	"ba5eda7a-def5-0000-0000-000000000010",
	0,
	'',
	"9fa32185-b883-448f-ae62-fb56c954872d",
	'');
INSERT INTO S_BPARM
	VALUES ("9fa32185-b883-448f-ae62-fb56c954872d",
	"769f6ce0-1a05-4d2e-ae4a-236623172415",
	'message',
	"ba5eda7a-def5-0000-0000-000000000004",
	0,
	'',
	"00000000-0000-0000-0000-000000000000",
	'');
INSERT INTO ACT_BRB
	VALUES ("51cb2334-dc95-4c1c-bc4e-61069b6782e6",
	"769f6ce0-1a05-4d2e-ae4a-236623172415");
INSERT INTO ACT_ACT
	VALUES ("51cb2334-dc95-4c1c-bc4e-61069b6782e6",
	'bridge',
	0,
	"2ccfeae8-b1da-4599-86ca-73213812d10e",
	"00000000-0000-0000-0000-000000000000",
	0,
	'Logging::LogTime',
	"00000000-0000-0000-0000-000000000000");
INSERT INTO ACT_BLK
	VALUES ("2ccfeae8-b1da-4599-86ca-73213812d10e",
	0,
	0,
	0,
	'',
	'',
	'',
	0,
	0,
	0,
	0,
	0,
	0,
	0,
	0,
	0,
	0,
	0,
	0,
	0,
	"51cb2334-dc95-4c1c-bc4e-61069b6782e6",
	"00000000-0000-0000-0000-000000000000");
INSERT INTO S_BRG
	VALUES ("6e1606c3-fb3f-4639-9b5e-0cda2df6d3aa",
	"6c64fb51-9b67-4d83-a879-0d5f09e41675",
	'LogReal',
	'',
	0,
	"ba5eda7a-def5-0000-0000-000000000000",
	'',
	1,
	'',
	0);
INSERT INTO S_BPARM
	VALUES ("588c76a4-575c-4463-a1ab-de56c9d6a2f3",
	"6e1606c3-fb3f-4639-9b5e-0cda2df6d3aa",
	'r',
	"ba5eda7a-def5-0000-0000-000000000003",
	0,
	'',
	"3a1ba51d-a640-441a-bf66-e9e73e18a0d4",
	'');
INSERT INTO S_BPARM
	VALUES ("3a1ba51d-a640-441a-bf66-e9e73e18a0d4",
	"6e1606c3-fb3f-4639-9b5e-0cda2df6d3aa",
	'message',
	"ba5eda7a-def5-0000-0000-000000000004",
	0,
	'',
	"00000000-0000-0000-0000-000000000000",
	'');
INSERT INTO ACT_BRB
	VALUES ("a89d73c0-f6a2-4169-8a05-a4a929e54f23",
	"6e1606c3-fb3f-4639-9b5e-0cda2df6d3aa");
INSERT INTO ACT_ACT
	VALUES ("a89d73c0-f6a2-4169-8a05-a4a929e54f23",
	'bridge',
	0,
	"a8b8713b-1f15-4558-84c5-8d242c6473bc",
	"00000000-0000-0000-0000-000000000000",
	0,
	'Logging::LogReal',
	"00000000-0000-0000-0000-000000000000");
INSERT INTO ACT_BLK
	VALUES ("a8b8713b-1f15-4558-84c5-8d242c6473bc",
	0,
	0,
	0,
	'',
	'',
	'',
	0,
	0,
	0,
	0,
	0,
	0,
	0,
	0,
	0,
	0,
	0,
	0,
	0,
	"a89d73c0-f6a2-4169-8a05-a4a929e54f23",
	"00000000-0000-0000-0000-000000000000");
INSERT INTO S_BRG
	VALUES ("724cf0c9-1882-4317-94b8-0498af667e93",
	"6c64fb51-9b67-4d83-a879-0d5f09e41675",
	'LogInteger',
	'',
	0,
	"ba5eda7a-def5-0000-0000-000000000000",
	'',
	1,
	'',
	0);
INSERT INTO S_BPARM
	VALUES ("b2242359-fe0f-43fd-a3fa-28f803528d92",
	"724cf0c9-1882-4317-94b8-0498af667e93",
	'message',
	"ba5eda7a-def5-0000-0000-000000000002",
	0,
	'',
	"00000000-0000-0000-0000-000000000000",
	'');
INSERT INTO ACT_BRB
	VALUES ("4f1a262d-c9f5-41e8-8153-22892ed125ca",
	"724cf0c9-1882-4317-94b8-0498af667e93");
INSERT INTO ACT_ACT
	VALUES ("4f1a262d-c9f5-41e8-8153-22892ed125ca",
	'bridge',
	0,
	"e95137b7-a70f-4929-949e-7fec6f054f8d",
	"00000000-0000-0000-0000-000000000000",
	0,
	'Logging::LogInteger',
	"00000000-0000-0000-0000-000000000000");
INSERT INTO ACT_BLK
	VALUES ("e95137b7-a70f-4929-949e-7fec6f054f8d",
	0,
	0,
	0,
	'',
	'',
	'',
	0,
	0,
	0,
	0,
	0,
	0,
	0,
	0,
	0,
	0,
	0,
	0,
	0,
	"4f1a262d-c9f5-41e8-8153-22892ed125ca",
	"00000000-0000-0000-0000-000000000000");
INSERT INTO PE_PE
	VALUES ("8d2a3a90-72ce-4034-b155-a9d4a5569c48",
	1,
	"9fbaf001-7b06-4469-983e-f9c76236367d",
	"00000000-0000-0000-0000-000000000000",
	5);
INSERT INTO S_EE
	VALUES ("8d2a3a90-72ce-4034-b155-a9d4a5569c48",
	'Time',
	'The Time external entity provides date, timestamp, and timer related operations.',
	'TIM',
	"00000000-0000-0000-0000-000000000000",
	'',
	'Time',
	1);
INSERT INTO S_BRG
	VALUES ("ee0bb3c1-647d-4db1-8ecf-d85c09669eea",
	"8d2a3a90-72ce-4034-b155-a9d4a5569c48",
	'current_date',
	'',
	1,
	"ba5eda7a-def5-0000-0000-00000000000e",
	'',
	1,
	'',
	0);
INSERT INTO ACT_BRB
	VALUES ("4f56c9c3-2d6e-4fbe-9f5b-033916904658",
	"ee0bb3c1-647d-4db1-8ecf-d85c09669eea");
INSERT INTO ACT_ACT
	VALUES ("4f56c9c3-2d6e-4fbe-9f5b-033916904658",
	'bridge',
	0,
	"3a0bf4bb-8fd4-4489-b3d2-89e96a32dd89",
	"00000000-0000-0000-0000-000000000000",
	0,
	'Time::current_date',
	"00000000-0000-0000-0000-000000000000");
INSERT INTO ACT_BLK
	VALUES ("3a0bf4bb-8fd4-4489-b3d2-89e96a32dd89",
	0,
	0,
	0,
	'',
	'',
	'',
	0,
	0,
	0,
	0,
	0,
	0,
	0,
	0,
	0,
	0,
	0,
	0,
	0,
	"4f56c9c3-2d6e-4fbe-9f5b-033916904658",
	"00000000-0000-0000-0000-000000000000");
INSERT INTO S_BRG
	VALUES ("9a3836d4-51e8-4c7e-95cd-e56b85ed8c49",
	"8d2a3a90-72ce-4034-b155-a9d4a5569c48",
	'create_date',
	'',
	1,
	"ba5eda7a-def5-0000-0000-00000000000e",
	'',
	1,
	'',
	0);
INSERT INTO S_BPARM
	VALUES ("b8e442b2-3505-405d-97f9-b92002544c17",
	"9a3836d4-51e8-4c7e-95cd-e56b85ed8c49",
	'second',
	"ba5eda7a-def5-0000-0000-000000000002",
	0,
	'',
	"c9eb0096-b4ae-4f95-8209-ae01fa129da4",
	'');
INSERT INTO S_BPARM
	VALUES ("6f566de5-fe70-43ab-bf87-554f00611ce7",
	"9a3836d4-51e8-4c7e-95cd-e56b85ed8c49",
	'minute',
	"ba5eda7a-def5-0000-0000-000000000002",
	0,
	'',
	"93435a2b-0272-4b81-a482-15b254a33e97",
	'');
INSERT INTO S_BPARM
	VALUES ("93435a2b-0272-4b81-a482-15b254a33e97",
	"9a3836d4-51e8-4c7e-95cd-e56b85ed8c49",
	'hour',
	"ba5eda7a-def5-0000-0000-000000000002",
	0,
	'',
	"5feb068b-8744-415c-85b5-8a7d46641686",
	'');
INSERT INTO S_BPARM
	VALUES ("5feb068b-8744-415c-85b5-8a7d46641686",
	"9a3836d4-51e8-4c7e-95cd-e56b85ed8c49",
	'day',
	"ba5eda7a-def5-0000-0000-000000000002",
	0,
	'',
	"00000000-0000-0000-0000-000000000000",
	'');
INSERT INTO S_BPARM
	VALUES ("c9eb0096-b4ae-4f95-8209-ae01fa129da4",
	"9a3836d4-51e8-4c7e-95cd-e56b85ed8c49",
	'month',
	"ba5eda7a-def5-0000-0000-000000000002",
	0,
	'',
	"6f566de5-fe70-43ab-bf87-554f00611ce7",
	'');
INSERT INTO S_BPARM
	VALUES ("4ee26082-e3c6-439f-bbac-001c31c50577",
	"9a3836d4-51e8-4c7e-95cd-e56b85ed8c49",
	'year',
	"ba5eda7a-def5-0000-0000-000000000002",
	0,
	'',
	"b8e442b2-3505-405d-97f9-b92002544c17",
	'');
INSERT INTO ACT_BRB
	VALUES ("ea95b585-dd1e-4b3b-ab47-085577bc3990",
	"9a3836d4-51e8-4c7e-95cd-e56b85ed8c49");
INSERT INTO ACT_ACT
	VALUES ("ea95b585-dd1e-4b3b-ab47-085577bc3990",
	'bridge',
	0,
	"b26f04d9-4f12-4529-b6e8-f23aa9bd38d9",
	"00000000-0000-0000-0000-000000000000",
	0,
	'Time::create_date',
	"00000000-0000-0000-0000-000000000000");
INSERT INTO ACT_BLK
	VALUES ("b26f04d9-4f12-4529-b6e8-f23aa9bd38d9",
	0,
	0,
	0,
	'',
	'',
	'',
	0,
	0,
	0,
	0,
	0,
	0,
	0,
	0,
	0,
	0,
	0,
	0,
	0,
	"ea95b585-dd1e-4b3b-ab47-085577bc3990",
	"00000000-0000-0000-0000-000000000000");
INSERT INTO S_BRG
	VALUES ("37e44fc4-eccd-4b1c-9089-cd965c8a914e",
	"8d2a3a90-72ce-4034-b155-a9d4a5569c48",
	'get_second',
	'',
	1,
	"ba5eda7a-def5-0000-0000-000000000002",
	'',
	1,
	'',
	0);
INSERT INTO S_BPARM
	VALUES ("881d8bde-960c-4724-ae54-9a65028dd126",
	"37e44fc4-eccd-4b1c-9089-cd965c8a914e",
	'date',
	"ba5eda7a-def5-0000-0000-00000000000e",
	0,
	'',
	"00000000-0000-0000-0000-000000000000",
	'');
INSERT INTO ACT_BRB
	VALUES ("4d01bbb6-5f1a-4d76-895d-8f77075f5b85",
	"37e44fc4-eccd-4b1c-9089-cd965c8a914e");
INSERT INTO ACT_ACT
	VALUES ("4d01bbb6-5f1a-4d76-895d-8f77075f5b85",
	'bridge',
	0,
	"d2f26cb0-b938-41aa-93c7-97187a630a6b",
	"00000000-0000-0000-0000-000000000000",
	0,
	'Time::get_second',
	"00000000-0000-0000-0000-000000000000");
INSERT INTO ACT_BLK
	VALUES ("d2f26cb0-b938-41aa-93c7-97187a630a6b",
	0,
	0,
	0,
	'',
	'',
	'',
	0,
	0,
	0,
	0,
	0,
	0,
	0,
	0,
	0,
	0,
	0,
	0,
	0,
	"4d01bbb6-5f1a-4d76-895d-8f77075f5b85",
	"00000000-0000-0000-0000-000000000000");
INSERT INTO S_BRG
	VALUES ("ec2c379e-19d6-414a-ade2-add29070d699",
	"8d2a3a90-72ce-4034-b155-a9d4a5569c48",
	'get_minute',
	'',
	1,
	"ba5eda7a-def5-0000-0000-000000000002",
	'',
	1,
	'',
	0);
INSERT INTO S_BPARM
	VALUES ("0b7df404-4750-4c76-89ca-549e2b315624",
	"ec2c379e-19d6-414a-ade2-add29070d699",
	'date',
	"ba5eda7a-def5-0000-0000-00000000000e",
	0,
	'',
	"00000000-0000-0000-0000-000000000000",
	'');
INSERT INTO ACT_BRB
	VALUES ("8c7bc2d4-7b4e-4e8f-a6c7-391a80ac9309",
	"ec2c379e-19d6-414a-ade2-add29070d699");
INSERT INTO ACT_ACT
	VALUES ("8c7bc2d4-7b4e-4e8f-a6c7-391a80ac9309",
	'bridge',
	0,
	"abe9669e-ec40-41d6-b6dd-0894e5c227c2",
	"00000000-0000-0000-0000-000000000000",
	0,
	'Time::get_minute',
	"00000000-0000-0000-0000-000000000000");
INSERT INTO ACT_BLK
	VALUES ("abe9669e-ec40-41d6-b6dd-0894e5c227c2",
	0,
	0,
	0,
	'',
	'',
	'',
	0,
	0,
	0,
	0,
	0,
	0,
	0,
	0,
	0,
	0,
	0,
	0,
	0,
	"8c7bc2d4-7b4e-4e8f-a6c7-391a80ac9309",
	"00000000-0000-0000-0000-000000000000");
INSERT INTO S_BRG
	VALUES ("5b1b8d3b-7e5c-4de4-b564-a2d1a3489709",
	"8d2a3a90-72ce-4034-b155-a9d4a5569c48",
	'get_hour',
	'',
	1,
	"ba5eda7a-def5-0000-0000-000000000002",
	'',
	1,
	'',
	0);
INSERT INTO S_BPARM
	VALUES ("6c2ae9a9-59d2-494a-81c3-2f622e25c12c",
	"5b1b8d3b-7e5c-4de4-b564-a2d1a3489709",
	'date',
	"ba5eda7a-def5-0000-0000-00000000000e",
	0,
	'',
	"00000000-0000-0000-0000-000000000000",
	'');
INSERT INTO ACT_BRB
	VALUES ("c2f3c37c-e099-459e-912b-d2b404e6f718",
	"5b1b8d3b-7e5c-4de4-b564-a2d1a3489709");
INSERT INTO ACT_ACT
	VALUES ("c2f3c37c-e099-459e-912b-d2b404e6f718",
	'bridge',
	0,
	"e3bdc763-5e69-496a-a1b7-0d54a820d3c9",
	"00000000-0000-0000-0000-000000000000",
	0,
	'Time::get_hour',
	"00000000-0000-0000-0000-000000000000");
INSERT INTO ACT_BLK
	VALUES ("e3bdc763-5e69-496a-a1b7-0d54a820d3c9",
	0,
	0,
	0,
	'',
	'',
	'',
	0,
	0,
	0,
	0,
	0,
	0,
	0,
	0,
	0,
	0,
	0,
	0,
	0,
	"c2f3c37c-e099-459e-912b-d2b404e6f718",
	"00000000-0000-0000-0000-000000000000");
INSERT INTO S_BRG
	VALUES ("88050d2c-092a-4748-977d-1a65cb81345e",
	"8d2a3a90-72ce-4034-b155-a9d4a5569c48",
	'get_day',
	'',
	1,
	"ba5eda7a-def5-0000-0000-000000000002",
	'',
	1,
	'',
	0);
INSERT INTO S_BPARM
	VALUES ("50ecd8cd-14ce-4c7a-bac3-fa3fc63aec7d",
	"88050d2c-092a-4748-977d-1a65cb81345e",
	'date',
	"ba5eda7a-def5-0000-0000-00000000000e",
	0,
	'',
	"00000000-0000-0000-0000-000000000000",
	'');
INSERT INTO ACT_BRB
	VALUES ("fb204348-dc64-442a-b7c2-36c460ea15f3",
	"88050d2c-092a-4748-977d-1a65cb81345e");
INSERT INTO ACT_ACT
	VALUES ("fb204348-dc64-442a-b7c2-36c460ea15f3",
	'bridge',
	0,
	"8d8a74eb-bdf4-4a65-8ff5-ac8d1b59ebd1",
	"00000000-0000-0000-0000-000000000000",
	0,
	'Time::get_day',
	"00000000-0000-0000-0000-000000000000");
INSERT INTO ACT_BLK
	VALUES ("8d8a74eb-bdf4-4a65-8ff5-ac8d1b59ebd1",
	0,
	0,
	0,
	'',
	'',
	'',
	0,
	0,
	0,
	0,
	0,
	0,
	0,
	0,
	0,
	0,
	0,
	0,
	0,
	"fb204348-dc64-442a-b7c2-36c460ea15f3",
	"00000000-0000-0000-0000-000000000000");
INSERT INTO S_BRG
	VALUES ("3085df29-8f99-4993-a13a-8bc3929a0a8f",
	"8d2a3a90-72ce-4034-b155-a9d4a5569c48",
	'get_month',
	'',
	1,
	"ba5eda7a-def5-0000-0000-000000000002",
	'',
	1,
	'',
	0);
INSERT INTO S_BPARM
	VALUES ("c1dfddd2-8c89-4dca-b4e5-ad3e686d0dfa",
	"3085df29-8f99-4993-a13a-8bc3929a0a8f",
	'date',
	"ba5eda7a-def5-0000-0000-00000000000e",
	0,
	'',
	"00000000-0000-0000-0000-000000000000",
	'');
INSERT INTO ACT_BRB
	VALUES ("8e11210a-ee85-47c8-a8b7-613f2f428a17",
	"3085df29-8f99-4993-a13a-8bc3929a0a8f");
INSERT INTO ACT_ACT
	VALUES ("8e11210a-ee85-47c8-a8b7-613f2f428a17",
	'bridge',
	0,
	"c0ea17a9-9a4e-4904-a2ac-df17df793742",
	"00000000-0000-0000-0000-000000000000",
	0,
	'Time::get_month',
	"00000000-0000-0000-0000-000000000000");
INSERT INTO ACT_BLK
	VALUES ("c0ea17a9-9a4e-4904-a2ac-df17df793742",
	0,
	0,
	0,
	'',
	'',
	'',
	0,
	0,
	0,
	0,
	0,
	0,
	0,
	0,
	0,
	0,
	0,
	0,
	0,
	"8e11210a-ee85-47c8-a8b7-613f2f428a17",
	"00000000-0000-0000-0000-000000000000");
INSERT INTO S_BRG
	VALUES ("f330678d-8a07-45dc-81f6-a794407ef62a",
	"8d2a3a90-72ce-4034-b155-a9d4a5569c48",
	'get_year',
	'',
	1,
	"ba5eda7a-def5-0000-0000-000000000002",
	'',
	1,
	'',
	0);
INSERT INTO S_BPARM
	VALUES ("f4fece1c-492b-45c6-98d5-18649abf4b71",
	"f330678d-8a07-45dc-81f6-a794407ef62a",
	'date',
	"ba5eda7a-def5-0000-0000-00000000000e",
	0,
	'',
	"00000000-0000-0000-0000-000000000000",
	'');
INSERT INTO ACT_BRB
	VALUES ("d5d91dff-832c-4b02-9a5e-3fde85859d19",
	"f330678d-8a07-45dc-81f6-a794407ef62a");
INSERT INTO ACT_ACT
	VALUES ("d5d91dff-832c-4b02-9a5e-3fde85859d19",
	'bridge',
	0,
	"1ecb4fb7-888d-4f28-981e-7daaf4829cc6",
	"00000000-0000-0000-0000-000000000000",
	0,
	'Time::get_year',
	"00000000-0000-0000-0000-000000000000");
INSERT INTO ACT_BLK
	VALUES ("1ecb4fb7-888d-4f28-981e-7daaf4829cc6",
	0,
	0,
	0,
	'',
	'',
	'',
	0,
	0,
	0,
	0,
	0,
	0,
	0,
	0,
	0,
	0,
	0,
	0,
	0,
	"d5d91dff-832c-4b02-9a5e-3fde85859d19",
	"00000000-0000-0000-0000-000000000000");
INSERT INTO S_BRG
	VALUES ("120395de-ecd0-424a-8bcb-df70dda35e2f",
	"8d2a3a90-72ce-4034-b155-a9d4a5569c48",
	'current_clock',
	'',
	1,
	"ba5eda7a-def5-0000-0000-000000000010",
	'',
	1,
	'',
	0);
INSERT INTO ACT_BRB
	VALUES ("abcf6006-2168-4f5c-b323-fec3b89fa4a2",
	"120395de-ecd0-424a-8bcb-df70dda35e2f");
INSERT INTO ACT_ACT
	VALUES ("abcf6006-2168-4f5c-b323-fec3b89fa4a2",
	'bridge',
	0,
	"834362d7-f4dc-46a0-b96d-9fe70c82cc8c",
	"00000000-0000-0000-0000-000000000000",
	0,
	'Time::current_clock',
	"00000000-0000-0000-0000-000000000000");
INSERT INTO ACT_BLK
	VALUES ("834362d7-f4dc-46a0-b96d-9fe70c82cc8c",
	0,
	0,
	0,
	'',
	'',
	'',
	0,
	0,
	0,
	0,
	0,
	0,
	0,
	0,
	0,
	0,
	0,
	0,
	0,
	"abcf6006-2168-4f5c-b323-fec3b89fa4a2",
	"00000000-0000-0000-0000-000000000000");
INSERT INTO S_BRG
	VALUES ("34a4450a-0934-45d5-8b33-32c433e5421a",
	"8d2a3a90-72ce-4034-b155-a9d4a5569c48",
	'timer_start',
	'This bridge operation starts a timer set to expire in the specified number of
microseconds, generating the passed event upon expiration. Returns the instance
handle of the timer.',
	1,
	"ba5eda7a-def5-0000-0000-00000000000f",
	'',
	1,
	'',
	0);
INSERT INTO S_BPARM
	VALUES ("bdcfca1c-11df-4e01-b106-332f6d618e19",
	"34a4450a-0934-45d5-8b33-32c433e5421a",
	'microseconds',
	"ba5eda7a-def5-0000-0000-000000000002",
	0,
	'',
	"ea8bc0cf-069f-4491-8f86-c0435b804242",
	'');
INSERT INTO S_BPARM
	VALUES ("ea8bc0cf-069f-4491-8f86-c0435b804242",
	"34a4450a-0934-45d5-8b33-32c433e5421a",
	'event_inst',
	"ba5eda7a-def5-0000-0000-00000000000a",
	0,
	'',
	"00000000-0000-0000-0000-000000000000",
	'');
INSERT INTO ACT_BRB
	VALUES ("7099c8bf-9450-4a08-8779-9d27a426844f",
	"34a4450a-0934-45d5-8b33-32c433e5421a");
INSERT INTO ACT_ACT
	VALUES ("7099c8bf-9450-4a08-8779-9d27a426844f",
	'bridge',
	0,
	"1377bebd-e165-4b46-9a35-bbeea6e505ac",
	"00000000-0000-0000-0000-000000000000",
	0,
	'Time::timer_start',
	"00000000-0000-0000-0000-000000000000");
INSERT INTO ACT_BLK
	VALUES ("1377bebd-e165-4b46-9a35-bbeea6e505ac",
	0,
	0,
	0,
	'',
	'',
	'',
	0,
	0,
	0,
	0,
	0,
	0,
	0,
	0,
	0,
	0,
	0,
	0,
	0,
	"7099c8bf-9450-4a08-8779-9d27a426844f",
	"00000000-0000-0000-0000-000000000000");
INSERT INTO S_BRG
	VALUES ("5c8e28d7-08d4-4b57-a897-a82885203a98",
	"8d2a3a90-72ce-4034-b155-a9d4a5569c48",
	'timer_start_recurring',
	'This bridge operation starts a timer set to expire in the specified number of
microseconds, generating the passed event upon expiration. Upon expiration, the
timer will be restarted and fire again in the specified number of microseconds
generating the passed event. This bridge operation returns the instance handle
of the timer.',
	1,
	"ba5eda7a-def5-0000-0000-00000000000f",
	'',
	1,
	'',
	0);
INSERT INTO S_BPARM
	VALUES ("7ae4e9dc-23ac-4373-baca-53d39096a8be",
	"5c8e28d7-08d4-4b57-a897-a82885203a98",
	'microseconds',
	"ba5eda7a-def5-0000-0000-000000000002",
	0,
	'',
	"a6bd0f17-195e-457c-b20b-06d02517b3c0",
	'');
INSERT INTO S_BPARM
	VALUES ("a6bd0f17-195e-457c-b20b-06d02517b3c0",
	"5c8e28d7-08d4-4b57-a897-a82885203a98",
	'event_inst',
	"ba5eda7a-def5-0000-0000-00000000000a",
	0,
	'',
	"00000000-0000-0000-0000-000000000000",
	'');
INSERT INTO ACT_BRB
	VALUES ("30a047f6-1d18-42b4-b0e4-367877e2badc",
	"5c8e28d7-08d4-4b57-a897-a82885203a98");
INSERT INTO ACT_ACT
	VALUES ("30a047f6-1d18-42b4-b0e4-367877e2badc",
	'bridge',
	0,
	"e097ef1d-6a6c-4efc-a437-8a5ceb3fcecf",
	"00000000-0000-0000-0000-000000000000",
	0,
	'Time::timer_start_recurring',
	"00000000-0000-0000-0000-000000000000");
INSERT INTO ACT_BLK
	VALUES ("e097ef1d-6a6c-4efc-a437-8a5ceb3fcecf",
	0,
	0,
	0,
	'',
	'',
	'',
	0,
	0,
	0,
	0,
	0,
	0,
	0,
	0,
	0,
	0,
	0,
	0,
	0,
	"30a047f6-1d18-42b4-b0e4-367877e2badc",
	"00000000-0000-0000-0000-000000000000");
INSERT INTO S_BRG
	VALUES ("3aa81c6c-643b-4813-984a-4f08fe958ed8",
	"8d2a3a90-72ce-4034-b155-a9d4a5569c48",
	'timer_remaining_time',
	'Returns the time remaining (in microseconds) for the passed timer instance. If
the timer has expired, a zero value is returned.',
	1,
	"ba5eda7a-def5-0000-0000-000000000002",
	'',
	1,
	'',
	0);
INSERT INTO S_BPARM
	VALUES ("6ab45f1f-c1c6-4d3f-b028-cbcc77287a4e",
	"3aa81c6c-643b-4813-984a-4f08fe958ed8",
	'timer_inst_ref',
	"ba5eda7a-def5-0000-0000-00000000000f",
	0,
	'',
	"00000000-0000-0000-0000-000000000000",
	'');
INSERT INTO ACT_BRB
	VALUES ("9f67a80a-14fe-4458-9cca-00e125030838",
	"3aa81c6c-643b-4813-984a-4f08fe958ed8");
INSERT INTO ACT_ACT
	VALUES ("9f67a80a-14fe-4458-9cca-00e125030838",
	'bridge',
	0,
	"2b2105d4-0ecc-414a-b467-b4caa428427b",
	"00000000-0000-0000-0000-000000000000",
	0,
	'Time::timer_remaining_time',
	"00000000-0000-0000-0000-000000000000");
INSERT INTO ACT_BLK
	VALUES ("2b2105d4-0ecc-414a-b467-b4caa428427b",
	0,
	0,
	0,
	'',
	'',
	'',
	0,
	0,
	0,
	0,
	0,
	0,
	0,
	0,
	0,
	0,
	0,
	0,
	0,
	"9f67a80a-14fe-4458-9cca-00e125030838",
	"00000000-0000-0000-0000-000000000000");
INSERT INTO S_BRG
	VALUES ("5a575eed-10d5-4e75-8195-1a258266dbde",
	"8d2a3a90-72ce-4034-b155-a9d4a5569c48",
	'timer_reset_time',
	'This bridge operation attempts to set the passed existing timer to expire in
the specified number of microseconds. If the timer exists (that is, it has not
expired), a TRUE value is returned. If the timer no longer exists, a FALSE value
is returned.',
	1,
	"ba5eda7a-def5-0000-0000-000000000001",
	'',
	1,
	'',
	0);
INSERT INTO S_BPARM
	VALUES ("f0cb088a-3cd0-4b8e-b7db-f2563f335d3d",
	"5a575eed-10d5-4e75-8195-1a258266dbde",
	'timer_inst_ref',
	"ba5eda7a-def5-0000-0000-00000000000f",
	0,
	'',
	"906c433c-58e9-4331-9dec-892488394c5a",
	'');
INSERT INTO S_BPARM
	VALUES ("906c433c-58e9-4331-9dec-892488394c5a",
	"5a575eed-10d5-4e75-8195-1a258266dbde",
	'microseconds',
	"ba5eda7a-def5-0000-0000-000000000002",
	0,
	'',
	"00000000-0000-0000-0000-000000000000",
	'');
INSERT INTO ACT_BRB
	VALUES ("88a8f436-c829-48be-861f-01ca491fede4",
	"5a575eed-10d5-4e75-8195-1a258266dbde");
INSERT INTO ACT_ACT
	VALUES ("88a8f436-c829-48be-861f-01ca491fede4",
	'bridge',
	0,
	"ffd5a2b1-68f0-46ef-9406-19fcbfb7a3d3",
	"00000000-0000-0000-0000-000000000000",
	0,
	'Time::timer_reset_time',
	"00000000-0000-0000-0000-000000000000");
INSERT INTO ACT_BLK
	VALUES ("ffd5a2b1-68f0-46ef-9406-19fcbfb7a3d3",
	0,
	0,
	0,
	'',
	'',
	'',
	0,
	0,
	0,
	0,
	0,
	0,
	0,
	0,
	0,
	0,
	0,
	0,
	0,
	"88a8f436-c829-48be-861f-01ca491fede4",
	"00000000-0000-0000-0000-000000000000");
INSERT INTO S_BRG
	VALUES ("66778267-c7cc-47af-af80-bb3a94868a01",
	"8d2a3a90-72ce-4034-b155-a9d4a5569c48",
	'timer_add_time',
	'This bridge operation attempts to add the specified number of microseconds to a
passed existing timer. If the timer exists (that is, it has not expired), a TRUE
value is returned. If the timer no longer exists, a FALSE value is returned.',
	1,
	"ba5eda7a-def5-0000-0000-000000000001",
	'',
	1,
	'',
	0);
INSERT INTO S_BPARM
	VALUES ("25b22e0f-f89f-49fa-9ed2-4a04bfafa670",
	"66778267-c7cc-47af-af80-bb3a94868a01",
	'timer_inst_ref',
	"ba5eda7a-def5-0000-0000-00000000000f",
	0,
	'',
	"3d3858c6-ed28-47e0-88bf-ffc01eb7f240",
	'');
INSERT INTO S_BPARM
	VALUES ("3d3858c6-ed28-47e0-88bf-ffc01eb7f240",
	"66778267-c7cc-47af-af80-bb3a94868a01",
	'microseconds',
	"ba5eda7a-def5-0000-0000-000000000002",
	0,
	'',
	"00000000-0000-0000-0000-000000000000",
	'');
INSERT INTO ACT_BRB
	VALUES ("0a7a8c51-0be6-464a-83e8-27193634d7be",
	"66778267-c7cc-47af-af80-bb3a94868a01");
INSERT INTO ACT_ACT
	VALUES ("0a7a8c51-0be6-464a-83e8-27193634d7be",
	'bridge',
	0,
	"cd763f45-4674-48ce-bc3b-ed15ac26d047",
	"00000000-0000-0000-0000-000000000000",
	0,
	'Time::timer_add_time',
	"00000000-0000-0000-0000-000000000000");
INSERT INTO ACT_BLK
	VALUES ("cd763f45-4674-48ce-bc3b-ed15ac26d047",
	0,
	0,
	0,
	'',
	'',
	'',
	0,
	0,
	0,
	0,
	0,
	0,
	0,
	0,
	0,
	0,
	0,
	0,
	0,
	"0a7a8c51-0be6-464a-83e8-27193634d7be",
	"00000000-0000-0000-0000-000000000000");
INSERT INTO S_BRG
	VALUES ("c8cbcd2e-2c91-4c5c-854d-32b0d865dc05",
	"8d2a3a90-72ce-4034-b155-a9d4a5569c48",
	'timer_cancel',
	'This bridge operation cancels and deletes the passed timer instance. If the 
timer exists (that is, it had not expired), a TRUE value is returned. If the
timer no longer exists, a FALSE value is returned.',
	1,
	"ba5eda7a-def5-0000-0000-000000000001",
	'',
	1,
	'',
	0);
INSERT INTO S_BPARM
	VALUES ("83c45509-f51b-4146-a461-692ac77542ae",
	"c8cbcd2e-2c91-4c5c-854d-32b0d865dc05",
	'timer_inst_ref',
	"ba5eda7a-def5-0000-0000-00000000000f",
	0,
	'',
	"00000000-0000-0000-0000-000000000000",
	'');
INSERT INTO ACT_BRB
	VALUES ("e838cab1-6216-4b3f-b6ba-960b5f541e98",
	"c8cbcd2e-2c91-4c5c-854d-32b0d865dc05");
INSERT INTO ACT_ACT
	VALUES ("e838cab1-6216-4b3f-b6ba-960b5f541e98",
	'bridge',
	0,
	"a70e5dee-ec58-438d-b49b-72c87b5a9597",
	"00000000-0000-0000-0000-000000000000",
	0,
	'Time::timer_cancel',
	"00000000-0000-0000-0000-000000000000");
INSERT INTO ACT_BLK
	VALUES ("a70e5dee-ec58-438d-b49b-72c87b5a9597",
	0,
	0,
	0,
	'',
	'',
	'',
	0,
	0,
	0,
	0,
	0,
	0,
	0,
	0,
	0,
	0,
	0,
	0,
	0,
	"e838cab1-6216-4b3f-b6ba-960b5f541e98",
	"00000000-0000-0000-0000-000000000000");
INSERT INTO PE_PE
	VALUES ("19353185-a3a1-4360-8e31-8c8e7bd7634b",
	1,
	"9fbaf001-7b06-4469-983e-f9c76236367d",
	"00000000-0000-0000-0000-000000000000",
	5);
INSERT INTO S_EE
	VALUES ("19353185-a3a1-4360-8e31-8c8e7bd7634b",
	'Math',
	'',
	'MATH',
	"00000000-0000-0000-0000-000000000000",
	'',
	'Math',
	1);
INSERT INTO S_BRG
	VALUES ("7e0a04f3-4f2e-42db-9e23-6c2721adcc4b",
	"19353185-a3a1-4360-8e31-8c8e7bd7634b",
	'sqrt',
	'',
	0,
	"ba5eda7a-def5-0000-0000-000000000003",
	'',
	1,
	'',
	0);
INSERT INTO S_BPARM
	VALUES ("2ec92416-a544-42ba-9b14-e5801a2f04e8",
	"7e0a04f3-4f2e-42db-9e23-6c2721adcc4b",
	'x',
	"ba5eda7a-def5-0000-0000-000000000003",
	0,
	'',
	"00000000-0000-0000-0000-000000000000",
	'');
INSERT INTO ACT_BRB
	VALUES ("6f6d870f-f9be-43eb-9815-fd092fbd2d78",
	"7e0a04f3-4f2e-42db-9e23-6c2721adcc4b");
INSERT INTO ACT_ACT
	VALUES ("6f6d870f-f9be-43eb-9815-fd092fbd2d78",
	'bridge',
	0,
	"f5a45ffc-52a3-4094-8e6f-c9882f5d619d",
	"00000000-0000-0000-0000-000000000000",
	0,
	'Math::sqrt',
	"00000000-0000-0000-0000-000000000000");
INSERT INTO ACT_BLK
	VALUES ("f5a45ffc-52a3-4094-8e6f-c9882f5d619d",
	0,
	0,
	0,
	'',
	'',
	'',
	0,
	0,
	0,
	0,
	0,
	0,
	0,
	0,
	0,
	0,
	0,
	0,
	0,
	"6f6d870f-f9be-43eb-9815-fd092fbd2d78",
	"00000000-0000-0000-0000-000000000000");
INSERT INTO EP_PKG
	VALUES ("b40cb96d-7f3a-4c50-aee3-2a93a3ecc992",
	"d25c3a4c-f497-4e3d-b314-9177adc7ed8f",
	"d25c3a4c-f497-4e3d-b314-9177adc7ed8f",
	'tello',
	'',
	0);
INSERT INTO PE_PE
	VALUES ("6d9b12aa-6c16-404c-887f-5ab165513a42",
	1,
	"b40cb96d-7f3a-4c50-aee3-2a93a3ecc992",
	"00000000-0000-0000-0000-000000000000",
	6);
INSERT INTO C_I
	VALUES ("6d9b12aa-6c16-404c-887f-5ab165513a42",
	"00000000-0000-0000-0000-000000000000",
	'udp',
	'');
INSERT INTO C_EP
	VALUES ("55add525-4f71-4791-8d88-68f791bc8526",
	"6d9b12aa-6c16-404c-887f-5ab165513a42",
	-1,
	'recv',
	'');
INSERT INTO C_AS
	VALUES ("55add525-4f71-4791-8d88-68f791bc8526",
	'recv',
	'',
	1,
	"00000000-0000-0000-0000-000000000000");
INSERT INTO C_PP
	VALUES ("bbf7b410-cff7-4309-b3da-34b4b6b9d1b1",
	"55add525-4f71-4791-8d88-68f791bc8526",
	"ba5eda7a-def5-0000-0000-000000000004",
	'str',
	'',
	0,
	'',
	"00000000-0000-0000-0000-000000000000");
INSERT INTO C_EP
	VALUES ("6802d9f0-1823-4952-8437-41c10013ddb7",
	"6d9b12aa-6c16-404c-887f-5ab165513a42",
	-1,
	'send',
	'');
INSERT INTO C_IO
	VALUES ("6802d9f0-1823-4952-8437-41c10013ddb7",
	"ba5eda7a-def5-0000-0000-000000000000",
	'send',
	'',
	0,
	'',
	"00000000-0000-0000-0000-000000000000");
INSERT INTO C_PP
	VALUES ("b6c8be4f-6be7-4aca-a6bc-c85a35cccf08",
	"6802d9f0-1823-4952-8437-41c10013ddb7",
	"ba5eda7a-def5-0000-0000-000000000004",
	'str',
	'',
	0,
	'',
	"00000000-0000-0000-0000-000000000000");
INSERT INTO C_EP
	VALUES ("f1b7c9a3-bf48-4b8d-803d-f7af5ed7a0f6",
	"6d9b12aa-6c16-404c-887f-5ab165513a42",
	-1,
	'open',
	'');
INSERT INTO C_IO
	VALUES ("f1b7c9a3-bf48-4b8d-803d-f7af5ed7a0f6",
	"ba5eda7a-def5-0000-0000-000000000000",
	'open',
	'',
	0,
	'',
	"6802d9f0-1823-4952-8437-41c10013ddb7");
INSERT INTO C_EP
	VALUES ("3c9cce21-26fe-486f-b6b8-9ee73713aa9c",
	"6d9b12aa-6c16-404c-887f-5ab165513a42",
	-1,
	'close',
	'');
INSERT INTO C_IO
	VALUES ("3c9cce21-26fe-486f-b6b8-9ee73713aa9c",
	"ba5eda7a-def5-0000-0000-000000000000",
	'close',
	'',
	0,
	'',
	"f1b7c9a3-bf48-4b8d-803d-f7af5ed7a0f6");
INSERT INTO PE_PE
	VALUES ("745a389f-a79f-431d-8e78-3e1cf6c9e9b2",
	1,
	"b40cb96d-7f3a-4c50-aee3-2a93a3ecc992",
	"00000000-0000-0000-0000-000000000000",
	2);
INSERT INTO C_C
	VALUES ("745a389f-a79f-431d-8e78-3e1cf6c9e9b2",
	"00000000-0000-0000-0000-000000000000",
	"00000000-0000-0000-0000-000000000000",
	'tello',
	'',
	0,
	"00000000-0000-0000-0000-000000000000",
	0,
	'');
INSERT INTO C_PO
	VALUES ("95ae38fa-e091-4bb6-baf5-1d89d69beb3b",
	"745a389f-a79f-431d-8e78-3e1cf6c9e9b2",
	'udp',
	0,
	0);
INSERT INTO C_IR
	VALUES ("9a5dd850-7709-4137-814a-f85898bcb275",
	"6d9b12aa-6c16-404c-887f-5ab165513a42",
	"00000000-0000-0000-0000-000000000000",
	"95ae38fa-e091-4bb6-baf5-1d89d69beb3b");
INSERT INTO C_R
	VALUES ("9a5dd850-7709-4137-814a-f85898bcb275",
	'udp',
	'',
	'Unnamed Interface',
	'tello::udp::udp');
INSERT INTO SPR_REP
	VALUES ("aa99c83b-6488-4411-b1d8-7c3c925ad626",
	"55add525-4f71-4791-8d88-68f791bc8526",
	"9a5dd850-7709-4137-814a-f85898bcb275");
INSERT INTO SPR_RS
	VALUES ("aa99c83b-6488-4411-b1d8-7c3c925ad626",
	'recv',
	'',
	'::recv( str:param.str );',
	1,
	0);
INSERT INTO ACT_RSB
	VALUES ("86e81870-105b-47fb-a972-fa620fede446",
	"aa99c83b-6488-4411-b1d8-7c3c925ad626");
INSERT INTO ACT_ACT
	VALUES ("86e81870-105b-47fb-a972-fa620fede446",
	'signal',
	0,
	"3341bdca-f623-4c6c-a7bc-e1cefa8dcacb",
	"00000000-0000-0000-0000-000000000000",
	0,
	'udp::udp::recv',
	"00000000-0000-0000-0000-000000000000");
INSERT INTO ACT_BLK
	VALUES ("3341bdca-f623-4c6c-a7bc-e1cefa8dcacb",
	0,
	0,
	0,
	'',
	'',
	'',
	1,
	1,
	0,
	0,
	0,
	0,
	0,
	0,
	0,
	0,
	0,
	0,
	0,
	"86e81870-105b-47fb-a972-fa620fede446",
	"00000000-0000-0000-0000-000000000000");
INSERT INTO ACT_SMT
	VALUES ("6d70d660-ae21-425b-ad0b-b1be04a3a9a5",
	"3341bdca-f623-4c6c-a7bc-e1cefa8dcacb",
	"00000000-0000-0000-0000-000000000000",
	1,
	1,
	'udp::udp::recv line: 1');
INSERT INTO ACT_FNC
	VALUES ("6d70d660-ae21-425b-ad0b-b1be04a3a9a5",
	"76e27425-6a8d-440a-b87c-036cdba503df",
	1,
	3);
INSERT INTO V_VAL
	VALUES ("0c31df8f-8e9a-449c-8efb-24429671af4f",
	0,
	0,
	1,
	19,
	21,
	0,
	0,
	0,
	0,
	"ba5eda7a-def5-0000-0000-000000000004",
	"3341bdca-f623-4c6c-a7bc-e1cefa8dcacb");
INSERT INTO V_PVL
	VALUES ("0c31df8f-8e9a-449c-8efb-24429671af4f",
	"00000000-0000-0000-0000-000000000000",
	"00000000-0000-0000-0000-000000000000",
	"00000000-0000-0000-0000-000000000000",
	"bbf7b410-cff7-4309-b3da-34b4b6b9d1b1");
INSERT INTO V_PAR
	VALUES ("0c31df8f-8e9a-449c-8efb-24429671af4f",
	"6d70d660-ae21-425b-ad0b-b1be04a3a9a5",
	"00000000-0000-0000-0000-000000000000",
	'str',
	"00000000-0000-0000-0000-000000000000",
	1,
	9);
INSERT INTO SPR_REP
	VALUES ("6675b4bb-717f-4084-aa47-be40e55c0a35",
	"6802d9f0-1823-4952-8437-41c10013ddb7",
	"9a5dd850-7709-4137-814a-f85898bcb275");
INSERT INTO SPR_RO
	VALUES ("6675b4bb-717f-4084-aa47-be40e55c0a35",
	'send',
	'',
	'',
	1,
	0);
INSERT INTO ACT_ROB
	VALUES ("2af6a691-3e49-4eb9-8b86-c214ee7effb5",
	"6675b4bb-717f-4084-aa47-be40e55c0a35");
INSERT INTO ACT_ACT
	VALUES ("2af6a691-3e49-4eb9-8b86-c214ee7effb5",
	'interface operation',
	0,
	"fc286e87-933e-489a-8bf1-df5d1d898b57",
	"00000000-0000-0000-0000-000000000000",
	0,
	'udp::udp::send',
	"00000000-0000-0000-0000-000000000000");
INSERT INTO ACT_BLK
	VALUES ("fc286e87-933e-489a-8bf1-df5d1d898b57",
	0,
	0,
	0,
	'',
	'',
	'',
	0,
	0,
	0,
	0,
	0,
	0,
	0,
	0,
	0,
	0,
	0,
	0,
	0,
	"2af6a691-3e49-4eb9-8b86-c214ee7effb5",
	"00000000-0000-0000-0000-000000000000");
INSERT INTO SPR_REP
	VALUES ("35e17552-d5f0-4670-a9a6-d1647689ffa6",
	"f1b7c9a3-bf48-4b8d-803d-f7af5ed7a0f6",
	"9a5dd850-7709-4137-814a-f85898bcb275");
INSERT INTO SPR_RO
	VALUES ("35e17552-d5f0-4670-a9a6-d1647689ffa6",
	'open',
	'',
	'',
	1,
	0);
INSERT INTO ACT_ROB
	VALUES ("af3c01e2-a4ef-47a4-902a-d37fb44f2fb7",
	"35e17552-d5f0-4670-a9a6-d1647689ffa6");
INSERT INTO ACT_ACT
	VALUES ("af3c01e2-a4ef-47a4-902a-d37fb44f2fb7",
	'interface operation',
	0,
	"33313713-7da9-47d9-b03f-ca4ab5580d51",
	"00000000-0000-0000-0000-000000000000",
	0,
	'udp::udp::open',
	"00000000-0000-0000-0000-000000000000");
INSERT INTO ACT_BLK
	VALUES ("33313713-7da9-47d9-b03f-ca4ab5580d51",
	0,
	0,
	0,
	'',
	'',
	'',
	0,
	0,
	0,
	0,
	0,
	0,
	0,
	0,
	0,
	0,
	0,
	0,
	0,
	"af3c01e2-a4ef-47a4-902a-d37fb44f2fb7",
	"00000000-0000-0000-0000-000000000000");
INSERT INTO SPR_REP
	VALUES ("e44ae6e4-69bf-444c-a0b5-0fb191ff43b3",
	"3c9cce21-26fe-486f-b6b8-9ee73713aa9c",
	"9a5dd850-7709-4137-814a-f85898bcb275");
INSERT INTO SPR_RO
	VALUES ("e44ae6e4-69bf-444c-a0b5-0fb191ff43b3",
	'close',
	'',
	'',
	1,
	0);
INSERT INTO ACT_ROB
	VALUES ("3c21ec94-9e35-4933-9262-36a9d9aaa148",
	"e44ae6e4-69bf-444c-a0b5-0fb191ff43b3");
INSERT INTO ACT_ACT
	VALUES ("3c21ec94-9e35-4933-9262-36a9d9aaa148",
	'interface operation',
	0,
	"1d18f6c7-a48a-4625-9bd4-067a307b9685",
	"00000000-0000-0000-0000-000000000000",
	0,
	'udp::udp::close',
	"00000000-0000-0000-0000-000000000000");
INSERT INTO ACT_BLK
	VALUES ("1d18f6c7-a48a-4625-9bd4-067a307b9685",
	0,
	0,
	0,
	'',
	'',
	'',
	0,
	0,
	0,
	0,
	0,
	0,
	0,
	0,
	0,
	0,
	0,
	0,
	0,
	"3c21ec94-9e35-4933-9262-36a9d9aaa148",
	"00000000-0000-0000-0000-000000000000");
INSERT INTO PE_PE
	VALUES ("4a1f2b80-7b05-4b9b-a111-3b23bf8289df",
	1,
	"00000000-0000-0000-0000-000000000000",
	"745a389f-a79f-431d-8e78-3e1cf6c9e9b2",
	7);
INSERT INTO EP_PKG
	VALUES ("4a1f2b80-7b05-4b9b-a111-3b23bf8289df",
	"00000000-0000-0000-0000-000000000000",
	"d25c3a4c-f497-4e3d-b314-9177adc7ed8f",
	'tello',
	'',
	0);
INSERT INTO PE_PE
	VALUES ("c79781e4-82a1-4117-bb57-7bf8eec81514",
	1,
	"4a1f2b80-7b05-4b9b-a111-3b23bf8289df",
	"00000000-0000-0000-0000-000000000000",
	1);
INSERT INTO S_SYNC
	VALUES ("c79781e4-82a1-4117-bb57-7bf8eec81514",
	"00000000-0000-0000-0000-000000000000",
	'setup',
	'',
	'generate Controller_A1:''connect'' to Controller class;',
	"ba5eda7a-def5-0000-0000-000000000000",
	1,
	'',
	0);
INSERT INTO ACT_FNB
	VALUES ("2b6669d6-03b5-4f6f-b260-c7128830ef76",
	"c79781e4-82a1-4117-bb57-7bf8eec81514");
INSERT INTO ACT_ACT
	VALUES ("2b6669d6-03b5-4f6f-b260-c7128830ef76",
	'function',
	0,
	"5730c21b-d701-4291-b77a-48b735d32223",
	"00000000-0000-0000-0000-000000000000",
	0,
	'setup',
	"00000000-0000-0000-0000-000000000000");
INSERT INTO ACT_BLK
	VALUES ("5730c21b-d701-4291-b77a-48b735d32223",
	0,
	0,
	0,
	'',
	'',
	'',
	1,
	1,
	1,
	37,
	0,
	0,
	0,
	0,
	0,
	0,
	0,
	0,
	0,
	"2b6669d6-03b5-4f6f-b260-c7128830ef76",
	"00000000-0000-0000-0000-000000000000");
INSERT INTO ACT_SMT
	VALUES ("15626b38-52f2-428c-a4c4-b20779c3ea9c",
	"5730c21b-d701-4291-b77a-48b735d32223",
	"00000000-0000-0000-0000-000000000000",
	1,
	1,
	'setup line: 1');
INSERT INTO E_ESS
	VALUES ("15626b38-52f2-428c-a4c4-b20779c3ea9c",
	1,
	0,
	1,
	10,
	1,
	24,
	1,
	37,
	0,
	0,
	0,
	0);
INSERT INTO E_GES
	VALUES ("15626b38-52f2-428c-a4c4-b20779c3ea9c");
INSERT INTO E_GSME
	VALUES ("15626b38-52f2-428c-a4c4-b20779c3ea9c",
	"e7f65b6e-e697-4336-a08a-96a4cceab964");
INSERT INTO E_GAR
	VALUES ("15626b38-52f2-428c-a4c4-b20779c3ea9c");
INSERT INTO PE_PE
	VALUES ("76e27425-6a8d-440a-b87c-036cdba503df",
	1,
	"4a1f2b80-7b05-4b9b-a111-3b23bf8289df",
	"00000000-0000-0000-0000-000000000000",
	1);
INSERT INTO S_SYNC
	VALUES ("76e27425-6a8d-440a-b87c-036cdba503df",
	"00000000-0000-0000-0000-000000000000",
	'recv',
	'',
	'if (param.str == "ok")
	generate Controller_A2:''ok'' to Controller class;
elif (param.str == "error")
	generate Controller_A6:''error'' to Controller class;
end if;
',
	"ba5eda7a-def5-0000-0000-000000000000",
	1,
	'',
	0);
INSERT INTO S_SPARM
	VALUES ("eed1a359-8864-4219-94ea-caf71d7406e7",
	"76e27425-6a8d-440a-b87c-036cdba503df",
	'str',
	"ba5eda7a-def5-0000-0000-000000000004",
	0,
	'',
	"00000000-0000-0000-0000-000000000000",
	'select any controller instance of Controller;
if(param.str == "ok")
	generate Controller_A2:''ok'' to controller;
end if;
');
INSERT INTO ACT_FNB
	VALUES ("67790593-d26c-4126-a42a-0f02d97dede4",
	"76e27425-6a8d-440a-b87c-036cdba503df");
INSERT INTO ACT_ACT
	VALUES ("67790593-d26c-4126-a42a-0f02d97dede4",
	'function',
	0,
	"0d58558e-caa7-41f7-92d6-d62a0ecb0682",
	"00000000-0000-0000-0000-000000000000",
	0,
	'recv',
	"00000000-0000-0000-0000-000000000000");
INSERT INTO ACT_BLK
	VALUES ("0d58558e-caa7-41f7-92d6-d62a0ecb0682",
	0,
	0,
	0,
	'',
	'',
	'',
	3,
	1,
	0,
	0,
	0,
	0,
	0,
	0,
	0,
	0,
	0,
	0,
	0,
	"67790593-d26c-4126-a42a-0f02d97dede4",
	"00000000-0000-0000-0000-000000000000");
INSERT INTO ACT_SMT
	VALUES ("adbada8e-7572-4d41-bf89-b09bbfc1a592",
	"0d58558e-caa7-41f7-92d6-d62a0ecb0682",
	"00000000-0000-0000-0000-000000000000",
	1,
	1,
	'recv line: 1');
INSERT INTO ACT_IF
	VALUES ("adbada8e-7572-4d41-bf89-b09bbfc1a592",
	"e18ab702-6c0e-41a5-9b9b-76ad1415a116",
	"1da1a1cb-9911-4cc0-bdac-037c836b3e52",
	"00000000-0000-0000-0000-000000000000",
	"00000000-0000-0000-0000-000000000000");
INSERT INTO ACT_SMT
	VALUES ("b5f3a282-4ee3-453b-86db-fcb05cbbcfe9",
	"0d58558e-caa7-41f7-92d6-d62a0ecb0682",
	"00000000-0000-0000-0000-000000000000",
	3,
	1,
	'recv line: 3');
INSERT INTO ACT_EL
	VALUES ("b5f3a282-4ee3-453b-86db-fcb05cbbcfe9",
	"575c3780-2cc3-405c-87aa-43b8d9480e4c",
	"924411ab-2a29-4268-867a-cba5c3720d6f",
	"adbada8e-7572-4d41-bf89-b09bbfc1a592");
INSERT INTO V_VAL
	VALUES ("49f406ff-42b0-423e-ad61-c816515b5d26",
	0,
	0,
	1,
	11,
	13,
	0,
	0,
	0,
	0,
	"ba5eda7a-def5-0000-0000-000000000004",
	"0d58558e-caa7-41f7-92d6-d62a0ecb0682");
INSERT INTO V_PVL
	VALUES ("49f406ff-42b0-423e-ad61-c816515b5d26",
	"00000000-0000-0000-0000-000000000000",
	"eed1a359-8864-4219-94ea-caf71d7406e7",
	"00000000-0000-0000-0000-000000000000",
	"00000000-0000-0000-0000-000000000000");
INSERT INTO V_VAL
	VALUES ("1da1a1cb-9911-4cc0-bdac-037c836b3e52",
	0,
	0,
	1,
	11,
	20,
	0,
	0,
	0,
	0,
	"ba5eda7a-def5-0000-0000-000000000001",
	"0d58558e-caa7-41f7-92d6-d62a0ecb0682");
INSERT INTO V_BIN
	VALUES ("1da1a1cb-9911-4cc0-bdac-037c836b3e52",
	"03dc806d-058c-4ee8-b170-47891dcbb76e",
	"49f406ff-42b0-423e-ad61-c816515b5d26",
	'==');
INSERT INTO V_VAL
	VALUES ("03dc806d-058c-4ee8-b170-47891dcbb76e",
	0,
	0,
	1,
	18,
	20,
	0,
	0,
	0,
	0,
	"ba5eda7a-def5-0000-0000-000000000004",
	"0d58558e-caa7-41f7-92d6-d62a0ecb0682");
INSERT INTO V_LST
	VALUES ("03dc806d-058c-4ee8-b170-47891dcbb76e",
	'ok');
INSERT INTO V_VAL
	VALUES ("bef2e83e-fb71-4c36-8d39-6e2ba67ddcfa",
	0,
	0,
	3,
	13,
	15,
	0,
	0,
	0,
	0,
	"ba5eda7a-def5-0000-0000-000000000004",
	"0d58558e-caa7-41f7-92d6-d62a0ecb0682");
INSERT INTO V_PVL
	VALUES ("bef2e83e-fb71-4c36-8d39-6e2ba67ddcfa",
	"00000000-0000-0000-0000-000000000000",
	"eed1a359-8864-4219-94ea-caf71d7406e7",
	"00000000-0000-0000-0000-000000000000",
	"00000000-0000-0000-0000-000000000000");
INSERT INTO V_VAL
	VALUES ("924411ab-2a29-4268-867a-cba5c3720d6f",
	0,
	0,
	3,
	13,
	25,
	0,
	0,
	0,
	0,
	"ba5eda7a-def5-0000-0000-000000000001",
	"0d58558e-caa7-41f7-92d6-d62a0ecb0682");
INSERT INTO V_BIN
	VALUES ("924411ab-2a29-4268-867a-cba5c3720d6f",
	"e5d207cd-b160-45df-b3c0-3944c9f562ae",
	"bef2e83e-fb71-4c36-8d39-6e2ba67ddcfa",
	'==');
INSERT INTO V_VAL
	VALUES ("e5d207cd-b160-45df-b3c0-3944c9f562ae",
	0,
	0,
	3,
	20,
	25,
	0,
	0,
	0,
	0,
	"ba5eda7a-def5-0000-0000-000000000004",
	"0d58558e-caa7-41f7-92d6-d62a0ecb0682");
INSERT INTO V_LST
	VALUES ("e5d207cd-b160-45df-b3c0-3944c9f562ae",
	'error');
INSERT INTO ACT_BLK
	VALUES ("e18ab702-6c0e-41a5-9b9b-76ad1415a116",
	0,
	0,
	0,
	'',
	'',
	'',
	2,
	2,
	2,
	33,
	0,
	0,
	0,
	0,
	0,
	0,
	0,
	0,
	0,
	"67790593-d26c-4126-a42a-0f02d97dede4",
	"00000000-0000-0000-0000-000000000000");
INSERT INTO ACT_SMT
	VALUES ("7e8d3a18-72b0-4756-a557-cad16ee21c5b",
	"e18ab702-6c0e-41a5-9b9b-76ad1415a116",
	"00000000-0000-0000-0000-000000000000",
	2,
	2,
	'recv line: 2');
INSERT INTO E_ESS
	VALUES ("7e8d3a18-72b0-4756-a557-cad16ee21c5b",
	1,
	0,
	2,
	11,
	2,
	25,
	2,
	33,
	0,
	0,
	0,
	0);
INSERT INTO E_GES
	VALUES ("7e8d3a18-72b0-4756-a557-cad16ee21c5b");
INSERT INTO E_GSME
	VALUES ("7e8d3a18-72b0-4756-a557-cad16ee21c5b",
	"f88b9dff-b6b1-46c5-b9fb-717a5083f294");
INSERT INTO E_GAR
	VALUES ("7e8d3a18-72b0-4756-a557-cad16ee21c5b");
INSERT INTO ACT_BLK
	VALUES ("575c3780-2cc3-405c-87aa-43b8d9480e4c",
	0,
	0,
	0,
	'',
	'',
	'',
	4,
	2,
	4,
	36,
	0,
	0,
	0,
	0,
	0,
	0,
	0,
	0,
	0,
	"67790593-d26c-4126-a42a-0f02d97dede4",
	"00000000-0000-0000-0000-000000000000");
INSERT INTO ACT_SMT
	VALUES ("60d32b93-3543-432c-add8-7bdb4a6d4ee7",
	"575c3780-2cc3-405c-87aa-43b8d9480e4c",
	"00000000-0000-0000-0000-000000000000",
	4,
	2,
	'recv line: 4');
INSERT INTO E_ESS
	VALUES ("60d32b93-3543-432c-add8-7bdb4a6d4ee7",
	1,
	0,
	4,
	11,
	4,
	25,
	4,
	36,
	0,
	0,
	0,
	0);
INSERT INTO E_GES
	VALUES ("60d32b93-3543-432c-add8-7bdb4a6d4ee7");
INSERT INTO E_GSME
	VALUES ("60d32b93-3543-432c-add8-7bdb4a6d4ee7",
	"616dfedc-c161-49b3-9715-5db174ca72ff");
INSERT INTO E_GAR
	VALUES ("60d32b93-3543-432c-add8-7bdb4a6d4ee7");
INSERT INTO PE_PE
	VALUES ("1b7727db-3c4e-4670-b30e-f1403a978eb4",
	1,
	"4a1f2b80-7b05-4b9b-a111-3b23bf8289df",
	"00000000-0000-0000-0000-000000000000",
	4);
INSERT INTO O_OBJ
	VALUES ("1b7727db-3c4e-4670-b30e-f1403a978eb4",
	'Controller',
	1,
	'Controller',
	'',
	"00000000-0000-0000-0000-000000000000");
INSERT INTO O_TFR
	VALUES ("23c65728-d0bf-4751-88b1-01997c848429",
	"1b7727db-3c4e-4670-b30e-f1403a978eb4",
	'timer',
	'',
	"ba5eda7a-def5-0000-0000-000000000000",
	0,
	'create event instance timeout of Controller_A7:''timeout'' to Controller class;
timer = TIM::timer_start( event_inst:timeout, microseconds:param.microseconds );

',
	1,
	'',
	"00000000-0000-0000-0000-000000000000",
	0);
INSERT INTO O_TPARM
	VALUES ("21b5cf29-f932-4b1e-97a4-d7db1f8a8c81",
	"23c65728-d0bf-4751-88b1-01997c848429",
	'microseconds',
	"ba5eda7a-def5-0000-0000-000000000002",
	0,
	'',
	"00000000-0000-0000-0000-000000000000",
	'');
INSERT INTO ACT_OPB
	VALUES ("9b40967a-97b9-494e-b6c9-9d9aa64d7130",
	"23c65728-d0bf-4751-88b1-01997c848429");
INSERT INTO ACT_ACT
	VALUES ("9b40967a-97b9-494e-b6c9-9d9aa64d7130",
	'class operation',
	0,
	"fd797df5-19b7-4412-865e-b3f7ee033a9f",
	"00000000-0000-0000-0000-000000000000",
	0,
	'Controller::timer',
	"00000000-0000-0000-0000-000000000000");
INSERT INTO ACT_BLK
	VALUES ("fd797df5-19b7-4412-865e-b3f7ee033a9f",
	0,
	0,
	0,
	'TIM',
	'',
	'',
	2,
	1,
	2,
	9,
	0,
	0,
	0,
	0,
	0,
	0,
	0,
	0,
	0,
	"9b40967a-97b9-494e-b6c9-9d9aa64d7130",
	"00000000-0000-0000-0000-000000000000");
INSERT INTO ACT_SMT
	VALUES ("7390a3df-804f-4df6-9958-e6a0123ac19a",
	"fd797df5-19b7-4412-865e-b3f7ee033a9f",
	"5b7ea551-7202-453e-a0e4-db9b9b290a3f",
	1,
	1,
	'Controller::timer line: 1');
INSERT INTO E_ESS
	VALUES ("7390a3df-804f-4df6-9958-e6a0123ac19a",
	1,
	0,
	1,
	34,
	1,
	48,
	1,
	61,
	0,
	0,
	0,
	0);
INSERT INTO E_CES
	VALUES ("7390a3df-804f-4df6-9958-e6a0123ac19a",
	1,
	"cce2c992-88be-4157-bd84-a4ddda6b940f");
INSERT INTO E_CSME
	VALUES ("7390a3df-804f-4df6-9958-e6a0123ac19a",
	"a32ec897-e2c3-4e66-85a9-bea81522e201");
INSERT INTO E_CEA
	VALUES ("7390a3df-804f-4df6-9958-e6a0123ac19a");
INSERT INTO ACT_SMT
	VALUES ("5b7ea551-7202-453e-a0e4-db9b9b290a3f",
	"fd797df5-19b7-4412-865e-b3f7ee033a9f",
	"00000000-0000-0000-0000-000000000000",
	2,
	1,
	'Controller::timer line: 2');
INSERT INTO ACT_AI
	VALUES ("5b7ea551-7202-453e-a0e4-db9b9b290a3f",
	"6fa04e99-087b-42fd-9682-eb7ce475ff4c",
	"3f01e53f-12b0-458a-85d1-c9cf2e09ae85",
	0,
	0);
INSERT INTO V_VAL
	VALUES ("3f01e53f-12b0-458a-85d1-c9cf2e09ae85",
	1,
	1,
	2,
	1,
	5,
	0,
	0,
	0,
	0,
	"ba5eda7a-def5-0000-0000-00000000000f",
	"fd797df5-19b7-4412-865e-b3f7ee033a9f");
INSERT INTO V_TVL
	VALUES ("3f01e53f-12b0-458a-85d1-c9cf2e09ae85",
	"b3af92af-2828-466b-a835-cd0db2c1466f");
INSERT INTO V_VAL
	VALUES ("6fa04e99-087b-42fd-9682-eb7ce475ff4c",
	0,
	0,
	2,
	14,
	-1,
	2,
	27,
	2,
	47,
	"ba5eda7a-def5-0000-0000-00000000000f",
	"fd797df5-19b7-4412-865e-b3f7ee033a9f");
INSERT INTO V_BRV
	VALUES ("6fa04e99-087b-42fd-9682-eb7ce475ff4c",
	"34a4450a-0934-45d5-8b33-32c433e5421a",
	1,
	2,
	9);
INSERT INTO V_VAL
	VALUES ("c8f32ca3-14f7-420d-9335-44d91d87d240",
	0,
	0,
	2,
	38,
	44,
	0,
	0,
	0,
	0,
	"ba5eda7a-def5-0000-0000-00000000000a",
	"fd797df5-19b7-4412-865e-b3f7ee033a9f");
INSERT INTO V_TVL
	VALUES ("c8f32ca3-14f7-420d-9335-44d91d87d240",
	"cce2c992-88be-4157-bd84-a4ddda6b940f");
INSERT INTO V_PAR
	VALUES ("c8f32ca3-14f7-420d-9335-44d91d87d240",
	"00000000-0000-0000-0000-000000000000",
	"6fa04e99-087b-42fd-9682-eb7ce475ff4c",
	'event_inst',
	"d9779611-c02b-4588-afe1-9f719c6e9f8d",
	2,
	27);
INSERT INTO V_VAL
	VALUES ("d9779611-c02b-4588-afe1-9f719c6e9f8d",
	0,
	0,
	2,
	66,
	77,
	0,
	0,
	0,
	0,
	"ba5eda7a-def5-0000-0000-000000000002",
	"fd797df5-19b7-4412-865e-b3f7ee033a9f");
INSERT INTO V_PVL
	VALUES ("d9779611-c02b-4588-afe1-9f719c6e9f8d",
	"00000000-0000-0000-0000-000000000000",
	"00000000-0000-0000-0000-000000000000",
	"21b5cf29-f932-4b1e-97a4-d7db1f8a8c81",
	"00000000-0000-0000-0000-000000000000");
INSERT INTO V_PAR
	VALUES ("d9779611-c02b-4588-afe1-9f719c6e9f8d",
	"00000000-0000-0000-0000-000000000000",
	"6fa04e99-087b-42fd-9682-eb7ce475ff4c",
	'microseconds',
	"00000000-0000-0000-0000-000000000000",
	2,
	47);
INSERT INTO V_VAR
	VALUES ("cce2c992-88be-4157-bd84-a4ddda6b940f",
	"fd797df5-19b7-4412-865e-b3f7ee033a9f",
	'timeout',
	1,
	"ba5eda7a-def5-0000-0000-00000000000a");
INSERT INTO V_TRN
	VALUES ("cce2c992-88be-4157-bd84-a4ddda6b940f",
	"00000000-0000-0000-0000-000000000000",
	'');
INSERT INTO V_VAR
	VALUES ("b3af92af-2828-466b-a835-cd0db2c1466f",
	"fd797df5-19b7-4412-865e-b3f7ee033a9f",
	'timer',
	1,
	"ba5eda7a-def5-0000-0000-00000000000f");
INSERT INTO V_TRN
	VALUES ("b3af92af-2828-466b-a835-cd0db2c1466f",
	"00000000-0000-0000-0000-000000000000",
	'');
INSERT INTO O_ID
	VALUES (0,
	"1b7727db-3c4e-4670-b30e-f1403a978eb4");
INSERT INTO O_ID
	VALUES (1,
	"1b7727db-3c4e-4670-b30e-f1403a978eb4");
INSERT INTO O_ID
	VALUES (2,
	"1b7727db-3c4e-4670-b30e-f1403a978eb4");
INSERT INTO SM_ASM
	VALUES ("e0583373-2fa0-4c8a-ba8c-15d4ce1ed7e0",
	"1b7727db-3c4e-4670-b30e-f1403a978eb4");
INSERT INTO SM_SM
	VALUES ("e0583373-2fa0-4c8a-ba8c-15d4ce1ed7e0",
	'',
	0);
INSERT INTO SM_MOORE
	VALUES ("e0583373-2fa0-4c8a-ba8c-15d4ce1ed7e0");
INSERT INTO SM_LEVT
	VALUES ("e7f65b6e-e697-4336-a08a-96a4cceab964",
	"e0583373-2fa0-4c8a-ba8c-15d4ce1ed7e0",
	"00000000-0000-0000-0000-000000000000");
INSERT INTO SM_SEVT
	VALUES ("e7f65b6e-e697-4336-a08a-96a4cceab964",
	"e0583373-2fa0-4c8a-ba8c-15d4ce1ed7e0",
	"00000000-0000-0000-0000-000000000000");
INSERT INTO SM_EVT
	VALUES ("e7f65b6e-e697-4336-a08a-96a4cceab964",
	"e0583373-2fa0-4c8a-ba8c-15d4ce1ed7e0",
	"00000000-0000-0000-0000-000000000000",
	1,
	'connect',
	0,
	'',
	'Controller_A1',
	'');
INSERT INTO SM_LEVT
	VALUES ("f88b9dff-b6b1-46c5-b9fb-717a5083f294",
	"e0583373-2fa0-4c8a-ba8c-15d4ce1ed7e0",
	"00000000-0000-0000-0000-000000000000");
INSERT INTO SM_SEVT
	VALUES ("f88b9dff-b6b1-46c5-b9fb-717a5083f294",
	"e0583373-2fa0-4c8a-ba8c-15d4ce1ed7e0",
	"00000000-0000-0000-0000-000000000000");
INSERT INTO SM_EVT
	VALUES ("f88b9dff-b6b1-46c5-b9fb-717a5083f294",
	"e0583373-2fa0-4c8a-ba8c-15d4ce1ed7e0",
	"00000000-0000-0000-0000-000000000000",
	2,
	'ok',
	0,
	'',
	'Controller_A2',
	'');
INSERT INTO SM_LEVT
	VALUES ("181f2759-c09e-4bad-ab9c-6ed889cdf5e0",
	"e0583373-2fa0-4c8a-ba8c-15d4ce1ed7e0",
	"00000000-0000-0000-0000-000000000000");
INSERT INTO SM_SEVT
	VALUES ("181f2759-c09e-4bad-ab9c-6ed889cdf5e0",
	"e0583373-2fa0-4c8a-ba8c-15d4ce1ed7e0",
	"00000000-0000-0000-0000-000000000000");
INSERT INTO SM_EVT
	VALUES ("181f2759-c09e-4bad-ab9c-6ed889cdf5e0",
	"e0583373-2fa0-4c8a-ba8c-15d4ce1ed7e0",
	"00000000-0000-0000-0000-000000000000",
	3,
	'disconnect',
	0,
	'',
	'Controller_A3',
	'');
INSERT INTO SM_LEVT
	VALUES ("f041a437-d2e9-4ec8-9620-20c645b3cca9",
	"e0583373-2fa0-4c8a-ba8c-15d4ce1ed7e0",
	"00000000-0000-0000-0000-000000000000");
INSERT INTO SM_SEVT
	VALUES ("f041a437-d2e9-4ec8-9620-20c645b3cca9",
	"e0583373-2fa0-4c8a-ba8c-15d4ce1ed7e0",
	"00000000-0000-0000-0000-000000000000");
INSERT INTO SM_EVT
	VALUES ("f041a437-d2e9-4ec8-9620-20c645b3cca9",
	"e0583373-2fa0-4c8a-ba8c-15d4ce1ed7e0",
	"00000000-0000-0000-0000-000000000000",
	4,
	'disconnected',
	0,
	'',
	'Controller_A4',
	'');
INSERT INTO SM_SGEVT
	VALUES ("b273b042-d07d-4ead-b936-e749c89a8746",
	"e0583373-2fa0-4c8a-ba8c-15d4ce1ed7e0",
	"00000000-0000-0000-0000-000000000000",
	"00000000-0000-0000-0000-000000000000",
	"aa99c83b-6488-4411-b1d8-7c3c925ad626",
	'udp::recv');
INSERT INTO SM_SEVT
	VALUES ("b273b042-d07d-4ead-b936-e749c89a8746",
	"e0583373-2fa0-4c8a-ba8c-15d4ce1ed7e0",
	"00000000-0000-0000-0000-000000000000");
INSERT INTO SM_EVT
	VALUES ("b273b042-d07d-4ead-b936-e749c89a8746",
	"e0583373-2fa0-4c8a-ba8c-15d4ce1ed7e0",
	"00000000-0000-0000-0000-000000000000",
	5,
	'recv',
	0,
	'',
	'udp::recv',
	'');
INSERT INTO SM_LEVT
	VALUES ("616dfedc-c161-49b3-9715-5db174ca72ff",
	"e0583373-2fa0-4c8a-ba8c-15d4ce1ed7e0",
	"00000000-0000-0000-0000-000000000000");
INSERT INTO SM_SEVT
	VALUES ("616dfedc-c161-49b3-9715-5db174ca72ff",
	"e0583373-2fa0-4c8a-ba8c-15d4ce1ed7e0",
	"00000000-0000-0000-0000-000000000000");
INSERT INTO SM_EVT
	VALUES ("616dfedc-c161-49b3-9715-5db174ca72ff",
	"e0583373-2fa0-4c8a-ba8c-15d4ce1ed7e0",
	"00000000-0000-0000-0000-000000000000",
	6,
	'error',
	0,
	'',
	'Controller_A6',
	'');
INSERT INTO SM_LEVT
	VALUES ("a32ec897-e2c3-4e66-85a9-bea81522e201",
	"e0583373-2fa0-4c8a-ba8c-15d4ce1ed7e0",
	"00000000-0000-0000-0000-000000000000");
INSERT INTO SM_SEVT
	VALUES ("a32ec897-e2c3-4e66-85a9-bea81522e201",
	"e0583373-2fa0-4c8a-ba8c-15d4ce1ed7e0",
	"00000000-0000-0000-0000-000000000000");
INSERT INTO SM_EVT
	VALUES ("a32ec897-e2c3-4e66-85a9-bea81522e201",
	"e0583373-2fa0-4c8a-ba8c-15d4ce1ed7e0",
	"00000000-0000-0000-0000-000000000000",
	7,
	'timeout',
	0,
	'',
	'Controller_A7',
	'');
INSERT INTO SM_STATE
	VALUES ("faf67a91-ef8c-4cfb-8974-18df94f00d9e",
	"e0583373-2fa0-4c8a-ba8c-15d4ce1ed7e0",
	"00000000-0000-0000-0000-000000000000",
	'init',
	1,
	0);
INSERT INTO SM_SEME
	VALUES ("faf67a91-ef8c-4cfb-8974-18df94f00d9e",
	"e7f65b6e-e697-4336-a08a-96a4cceab964",
	"e0583373-2fa0-4c8a-ba8c-15d4ce1ed7e0",
	"00000000-0000-0000-0000-000000000000");
INSERT INTO SM_CH
	VALUES ("faf67a91-ef8c-4cfb-8974-18df94f00d9e",
	"f88b9dff-b6b1-46c5-b9fb-717a5083f294",
	"e0583373-2fa0-4c8a-ba8c-15d4ce1ed7e0",
	"00000000-0000-0000-0000-000000000000",
	'');
INSERT INTO SM_SEME
	VALUES ("faf67a91-ef8c-4cfb-8974-18df94f00d9e",
	"f88b9dff-b6b1-46c5-b9fb-717a5083f294",
	"e0583373-2fa0-4c8a-ba8c-15d4ce1ed7e0",
	"00000000-0000-0000-0000-000000000000");
INSERT INTO SM_CH
	VALUES ("faf67a91-ef8c-4cfb-8974-18df94f00d9e",
	"181f2759-c09e-4bad-ab9c-6ed889cdf5e0",
	"e0583373-2fa0-4c8a-ba8c-15d4ce1ed7e0",
	"00000000-0000-0000-0000-000000000000",
	'');
INSERT INTO SM_SEME
	VALUES ("faf67a91-ef8c-4cfb-8974-18df94f00d9e",
	"181f2759-c09e-4bad-ab9c-6ed889cdf5e0",
	"e0583373-2fa0-4c8a-ba8c-15d4ce1ed7e0",
	"00000000-0000-0000-0000-000000000000");
INSERT INTO SM_CH
	VALUES ("faf67a91-ef8c-4cfb-8974-18df94f00d9e",
	"f041a437-d2e9-4ec8-9620-20c645b3cca9",
	"e0583373-2fa0-4c8a-ba8c-15d4ce1ed7e0",
	"00000000-0000-0000-0000-000000000000",
	'');
INSERT INTO SM_SEME
	VALUES ("faf67a91-ef8c-4cfb-8974-18df94f00d9e",
	"f041a437-d2e9-4ec8-9620-20c645b3cca9",
	"e0583373-2fa0-4c8a-ba8c-15d4ce1ed7e0",
	"00000000-0000-0000-0000-000000000000");
INSERT INTO SM_CH
	VALUES ("faf67a91-ef8c-4cfb-8974-18df94f00d9e",
	"b273b042-d07d-4ead-b936-e749c89a8746",
	"e0583373-2fa0-4c8a-ba8c-15d4ce1ed7e0",
	"00000000-0000-0000-0000-000000000000",
	'');
INSERT INTO SM_SEME
	VALUES ("faf67a91-ef8c-4cfb-8974-18df94f00d9e",
	"b273b042-d07d-4ead-b936-e749c89a8746",
	"e0583373-2fa0-4c8a-ba8c-15d4ce1ed7e0",
	"00000000-0000-0000-0000-000000000000");
INSERT INTO SM_CH
	VALUES ("faf67a91-ef8c-4cfb-8974-18df94f00d9e",
	"616dfedc-c161-49b3-9715-5db174ca72ff",
	"e0583373-2fa0-4c8a-ba8c-15d4ce1ed7e0",
	"00000000-0000-0000-0000-000000000000",
	'');
INSERT INTO SM_SEME
	VALUES ("faf67a91-ef8c-4cfb-8974-18df94f00d9e",
	"616dfedc-c161-49b3-9715-5db174ca72ff",
	"e0583373-2fa0-4c8a-ba8c-15d4ce1ed7e0",
	"00000000-0000-0000-0000-000000000000");
INSERT INTO SM_CH
	VALUES ("faf67a91-ef8c-4cfb-8974-18df94f00d9e",
	"a32ec897-e2c3-4e66-85a9-bea81522e201",
	"e0583373-2fa0-4c8a-ba8c-15d4ce1ed7e0",
	"00000000-0000-0000-0000-000000000000",
	'');
INSERT INTO SM_SEME
	VALUES ("faf67a91-ef8c-4cfb-8974-18df94f00d9e",
	"a32ec897-e2c3-4e66-85a9-bea81522e201",
	"e0583373-2fa0-4c8a-ba8c-15d4ce1ed7e0",
	"00000000-0000-0000-0000-000000000000");
INSERT INTO SM_MOAH
	VALUES ("43756271-0c9a-4b5b-bb39-b4181cb7bdfa",
	"e0583373-2fa0-4c8a-ba8c-15d4ce1ed7e0",
	"faf67a91-ef8c-4cfb-8974-18df94f00d9e");
INSERT INTO SM_AH
	VALUES ("43756271-0c9a-4b5b-bb39-b4181cb7bdfa",
	"e0583373-2fa0-4c8a-ba8c-15d4ce1ed7e0");
INSERT INTO SM_ACT
	VALUES ("43756271-0c9a-4b5b-bb39-b4181cb7bdfa",
	"e0583373-2fa0-4c8a-ba8c-15d4ce1ed7e0",
	1,
	'',
	'',
	0);
INSERT INTO ACT_SAB
	VALUES ("360cbc97-6af7-462b-9445-3d8f2cd9c0f3",
	"e0583373-2fa0-4c8a-ba8c-15d4ce1ed7e0",
	"43756271-0c9a-4b5b-bb39-b4181cb7bdfa");
INSERT INTO ACT_ACT
	VALUES ("360cbc97-6af7-462b-9445-3d8f2cd9c0f3",
	'class state',
	0,
	"a4997955-4c27-454c-b0a9-6dec085c76de",
	"00000000-0000-0000-0000-000000000000",
	0,
	'Controller::init',
	"00000000-0000-0000-0000-000000000000");
INSERT INTO ACT_BLK
	VALUES ("a4997955-4c27-454c-b0a9-6dec085c76de",
	0,
	0,
	0,
	'',
	'',
	'',
	0,
	0,
	0,
	0,
	0,
	0,
	0,
	0,
	0,
	0,
	0,
	0,
	0,
	"360cbc97-6af7-462b-9445-3d8f2cd9c0f3",
	"00000000-0000-0000-0000-000000000000");
INSERT INTO SM_STATE
	VALUES ("1f271549-c1b0-478f-b648-cb585b9d1a41",
	"e0583373-2fa0-4c8a-ba8c-15d4ce1ed7e0",
	"00000000-0000-0000-0000-000000000000",
	'connecting',
	2,
	0);
INSERT INTO SM_CH
	VALUES ("1f271549-c1b0-478f-b648-cb585b9d1a41",
	"e7f65b6e-e697-4336-a08a-96a4cceab964",
	"e0583373-2fa0-4c8a-ba8c-15d4ce1ed7e0",
	"00000000-0000-0000-0000-000000000000",
	'');
INSERT INTO SM_SEME
	VALUES ("1f271549-c1b0-478f-b648-cb585b9d1a41",
	"e7f65b6e-e697-4336-a08a-96a4cceab964",
	"e0583373-2fa0-4c8a-ba8c-15d4ce1ed7e0",
	"00000000-0000-0000-0000-000000000000");
INSERT INTO SM_SEME
	VALUES ("1f271549-c1b0-478f-b648-cb585b9d1a41",
	"f88b9dff-b6b1-46c5-b9fb-717a5083f294",
	"e0583373-2fa0-4c8a-ba8c-15d4ce1ed7e0",
	"00000000-0000-0000-0000-000000000000");
INSERT INTO SM_CH
	VALUES ("1f271549-c1b0-478f-b648-cb585b9d1a41",
	"181f2759-c09e-4bad-ab9c-6ed889cdf5e0",
	"e0583373-2fa0-4c8a-ba8c-15d4ce1ed7e0",
	"00000000-0000-0000-0000-000000000000",
	'');
INSERT INTO SM_SEME
	VALUES ("1f271549-c1b0-478f-b648-cb585b9d1a41",
	"181f2759-c09e-4bad-ab9c-6ed889cdf5e0",
	"e0583373-2fa0-4c8a-ba8c-15d4ce1ed7e0",
	"00000000-0000-0000-0000-000000000000");
INSERT INTO SM_CH
	VALUES ("1f271549-c1b0-478f-b648-cb585b9d1a41",
	"f041a437-d2e9-4ec8-9620-20c645b3cca9",
	"e0583373-2fa0-4c8a-ba8c-15d4ce1ed7e0",
	"00000000-0000-0000-0000-000000000000",
	'');
INSERT INTO SM_SEME
	VALUES ("1f271549-c1b0-478f-b648-cb585b9d1a41",
	"f041a437-d2e9-4ec8-9620-20c645b3cca9",
	"e0583373-2fa0-4c8a-ba8c-15d4ce1ed7e0",
	"00000000-0000-0000-0000-000000000000");
INSERT INTO SM_CH
	VALUES ("1f271549-c1b0-478f-b648-cb585b9d1a41",
	"b273b042-d07d-4ead-b936-e749c89a8746",
	"e0583373-2fa0-4c8a-ba8c-15d4ce1ed7e0",
	"00000000-0000-0000-0000-000000000000",
	'');
INSERT INTO SM_SEME
	VALUES ("1f271549-c1b0-478f-b648-cb585b9d1a41",
	"b273b042-d07d-4ead-b936-e749c89a8746",
	"e0583373-2fa0-4c8a-ba8c-15d4ce1ed7e0",
	"00000000-0000-0000-0000-000000000000");
INSERT INTO SM_CH
	VALUES ("1f271549-c1b0-478f-b648-cb585b9d1a41",
	"616dfedc-c161-49b3-9715-5db174ca72ff",
	"e0583373-2fa0-4c8a-ba8c-15d4ce1ed7e0",
	"00000000-0000-0000-0000-000000000000",
	'');
INSERT INTO SM_SEME
	VALUES ("1f271549-c1b0-478f-b648-cb585b9d1a41",
	"616dfedc-c161-49b3-9715-5db174ca72ff",
	"e0583373-2fa0-4c8a-ba8c-15d4ce1ed7e0",
	"00000000-0000-0000-0000-000000000000");
INSERT INTO SM_SEME
	VALUES ("1f271549-c1b0-478f-b648-cb585b9d1a41",
	"a32ec897-e2c3-4e66-85a9-bea81522e201",
	"e0583373-2fa0-4c8a-ba8c-15d4ce1ed7e0",
	"00000000-0000-0000-0000-000000000000");
INSERT INTO SM_MOAH
	VALUES ("b93414da-9223-4c2d-abfb-b5817b3ebb48",
	"e0583373-2fa0-4c8a-ba8c-15d4ce1ed7e0",
	"1f271549-c1b0-478f-b648-cb585b9d1a41");
INSERT INTO SM_AH
	VALUES ("b93414da-9223-4c2d-abfb-b5817b3ebb48",
	"e0583373-2fa0-4c8a-ba8c-15d4ce1ed7e0");
INSERT INTO SM_ACT
	VALUES ("b93414da-9223-4c2d-abfb-b5817b3ebb48",
	"e0583373-2fa0-4c8a-ba8c-15d4ce1ed7e0",
	1,
	'//udp::open();
//udp::send( str:"command" );
Controller::timer( microseconds:5000000);
',
	'',
	0);
INSERT INTO ACT_SAB
	VALUES ("5e67378a-525b-4693-aedf-5e23557f52e2",
	"e0583373-2fa0-4c8a-ba8c-15d4ce1ed7e0",
	"b93414da-9223-4c2d-abfb-b5817b3ebb48");
INSERT INTO ACT_ACT
	VALUES ("5e67378a-525b-4693-aedf-5e23557f52e2",
	'class state',
	0,
	"b616ce9c-19e5-40ad-8d9e-861cf0d15aff",
	"00000000-0000-0000-0000-000000000000",
	0,
	'Controller::connecting',
	"00000000-0000-0000-0000-000000000000");
INSERT INTO ACT_BLK
	VALUES ("b616ce9c-19e5-40ad-8d9e-861cf0d15aff",
	0,
	0,
	0,
	'Controller',
	'',
	'',
	3,
	1,
	3,
	1,
	0,
	0,
	0,
	0,
	0,
	0,
	0,
	0,
	0,
	"5e67378a-525b-4693-aedf-5e23557f52e2",
	"00000000-0000-0000-0000-000000000000");
INSERT INTO ACT_SMT
	VALUES ("6bcea672-5618-4cc1-a597-5bdd273b66df",
	"b616ce9c-19e5-40ad-8d9e-861cf0d15aff",
	"00000000-0000-0000-0000-000000000000",
	3,
	1,
	'Controller::connecting line: 3');
INSERT INTO ACT_TFM
	VALUES ("6bcea672-5618-4cc1-a597-5bdd273b66df",
	"23c65728-d0bf-4751-88b1-01997c848429",
	"00000000-0000-0000-0000-000000000000",
	3,
	13,
	3,
	1);
INSERT INTO V_VAL
	VALUES ("8526be68-772d-40c1-9d50-acffedcff4ca",
	0,
	0,
	3,
	33,
	39,
	0,
	0,
	0,
	0,
	"ba5eda7a-def5-0000-0000-000000000002",
	"b616ce9c-19e5-40ad-8d9e-861cf0d15aff");
INSERT INTO V_LIN
	VALUES ("8526be68-772d-40c1-9d50-acffedcff4ca",
	'5000000');
INSERT INTO V_PAR
	VALUES ("8526be68-772d-40c1-9d50-acffedcff4ca",
	"6bcea672-5618-4cc1-a597-5bdd273b66df",
	"00000000-0000-0000-0000-000000000000",
	'microseconds',
	"00000000-0000-0000-0000-000000000000",
	3,
	20);
INSERT INTO SM_STATE
	VALUES ("fac31c71-ad42-461b-9084-04572e536bbb",
	"e0583373-2fa0-4c8a-ba8c-15d4ce1ed7e0",
	"00000000-0000-0000-0000-000000000000",
	'connected',
	3,
	0);
INSERT INTO SM_CH
	VALUES ("fac31c71-ad42-461b-9084-04572e536bbb",
	"e7f65b6e-e697-4336-a08a-96a4cceab964",
	"e0583373-2fa0-4c8a-ba8c-15d4ce1ed7e0",
	"00000000-0000-0000-0000-000000000000",
	'');
INSERT INTO SM_SEME
	VALUES ("fac31c71-ad42-461b-9084-04572e536bbb",
	"e7f65b6e-e697-4336-a08a-96a4cceab964",
	"e0583373-2fa0-4c8a-ba8c-15d4ce1ed7e0",
	"00000000-0000-0000-0000-000000000000");
INSERT INTO SM_EIGN
	VALUES ("fac31c71-ad42-461b-9084-04572e536bbb",
	"f88b9dff-b6b1-46c5-b9fb-717a5083f294",
	"e0583373-2fa0-4c8a-ba8c-15d4ce1ed7e0",
	"00000000-0000-0000-0000-000000000000",
	'');
INSERT INTO SM_SEME
	VALUES ("fac31c71-ad42-461b-9084-04572e536bbb",
	"f88b9dff-b6b1-46c5-b9fb-717a5083f294",
	"e0583373-2fa0-4c8a-ba8c-15d4ce1ed7e0",
	"00000000-0000-0000-0000-000000000000");
INSERT INTO SM_CH
	VALUES ("fac31c71-ad42-461b-9084-04572e536bbb",
	"181f2759-c09e-4bad-ab9c-6ed889cdf5e0",
	"e0583373-2fa0-4c8a-ba8c-15d4ce1ed7e0",
	"00000000-0000-0000-0000-000000000000",
	'');
INSERT INTO SM_SEME
	VALUES ("fac31c71-ad42-461b-9084-04572e536bbb",
	"181f2759-c09e-4bad-ab9c-6ed889cdf5e0",
	"e0583373-2fa0-4c8a-ba8c-15d4ce1ed7e0",
	"00000000-0000-0000-0000-000000000000");
INSERT INTO SM_CH
	VALUES ("fac31c71-ad42-461b-9084-04572e536bbb",
	"f041a437-d2e9-4ec8-9620-20c645b3cca9",
	"e0583373-2fa0-4c8a-ba8c-15d4ce1ed7e0",
	"00000000-0000-0000-0000-000000000000",
	'');
INSERT INTO SM_SEME
	VALUES ("fac31c71-ad42-461b-9084-04572e536bbb",
	"f041a437-d2e9-4ec8-9620-20c645b3cca9",
	"e0583373-2fa0-4c8a-ba8c-15d4ce1ed7e0",
	"00000000-0000-0000-0000-000000000000");
INSERT INTO SM_CH
	VALUES ("fac31c71-ad42-461b-9084-04572e536bbb",
	"b273b042-d07d-4ead-b936-e749c89a8746",
	"e0583373-2fa0-4c8a-ba8c-15d4ce1ed7e0",
	"00000000-0000-0000-0000-000000000000",
	'');
INSERT INTO SM_SEME
	VALUES ("fac31c71-ad42-461b-9084-04572e536bbb",
	"b273b042-d07d-4ead-b936-e749c89a8746",
	"e0583373-2fa0-4c8a-ba8c-15d4ce1ed7e0",
	"00000000-0000-0000-0000-000000000000");
INSERT INTO SM_CH
	VALUES ("fac31c71-ad42-461b-9084-04572e536bbb",
	"616dfedc-c161-49b3-9715-5db174ca72ff",
	"e0583373-2fa0-4c8a-ba8c-15d4ce1ed7e0",
	"00000000-0000-0000-0000-000000000000",
	'');
INSERT INTO SM_SEME
	VALUES ("fac31c71-ad42-461b-9084-04572e536bbb",
	"616dfedc-c161-49b3-9715-5db174ca72ff",
	"e0583373-2fa0-4c8a-ba8c-15d4ce1ed7e0",
	"00000000-0000-0000-0000-000000000000");
INSERT INTO SM_SEME
	VALUES ("fac31c71-ad42-461b-9084-04572e536bbb",
	"a32ec897-e2c3-4e66-85a9-bea81522e201",
	"e0583373-2fa0-4c8a-ba8c-15d4ce1ed7e0",
	"00000000-0000-0000-0000-000000000000");
INSERT INTO SM_MOAH
	VALUES ("9c6b73ce-2a90-4cbe-a9d4-fee6878d9aab",
	"e0583373-2fa0-4c8a-ba8c-15d4ce1ed7e0",
	"fac31c71-ad42-461b-9084-04572e536bbb");
INSERT INTO SM_AH
	VALUES ("9c6b73ce-2a90-4cbe-a9d4-fee6878d9aab",
	"e0583373-2fa0-4c8a-ba8c-15d4ce1ed7e0");
INSERT INTO SM_ACT
	VALUES ("9c6b73ce-2a90-4cbe-a9d4-fee6878d9aab",
	"e0583373-2fa0-4c8a-ba8c-15d4ce1ed7e0",
	1,
	'udp::send( str:"takeoff" );
Controller::timer( microseconds:5000 );
',
	'',
	0);
INSERT INTO ACT_SAB
	VALUES ("377150f9-1395-4280-8176-4e20b6d81f24",
	"e0583373-2fa0-4c8a-ba8c-15d4ce1ed7e0",
	"9c6b73ce-2a90-4cbe-a9d4-fee6878d9aab");
INSERT INTO ACT_ACT
	VALUES ("377150f9-1395-4280-8176-4e20b6d81f24",
	'class state',
	0,
	"86c2ea1c-f5f7-4efe-8aee-d67c30b464f6",
	"00000000-0000-0000-0000-000000000000",
	0,
	'Controller::connected',
	"00000000-0000-0000-0000-000000000000");
INSERT INTO ACT_BLK
	VALUES ("86c2ea1c-f5f7-4efe-8aee-d67c30b464f6",
	0,
	0,
	0,
	'Controller',
	'',
	'',
	2,
	1,
	2,
	1,
	0,
	0,
	0,
	0,
	0,
	0,
	0,
	0,
	0,
	"377150f9-1395-4280-8176-4e20b6d81f24",
	"00000000-0000-0000-0000-000000000000");
INSERT INTO ACT_SMT
	VALUES ("ff3ff565-8be7-40e2-bde4-6bbaccdeecfa",
	"86c2ea1c-f5f7-4efe-8aee-d67c30b464f6",
	"957eff11-367f-43cb-84e0-8999ad395dd6",
	1,
	1,
	'Controller::connected line: 1');
INSERT INTO ACT_IOP
	VALUES ("ff3ff565-8be7-40e2-bde4-6bbaccdeecfa",
	1,
	6,
	1,
	1,
	"00000000-0000-0000-0000-000000000000",
	"6675b4bb-717f-4084-aa47-be40e55c0a35",
	"00000000-0000-0000-0000-000000000000");
INSERT INTO ACT_SMT
	VALUES ("957eff11-367f-43cb-84e0-8999ad395dd6",
	"86c2ea1c-f5f7-4efe-8aee-d67c30b464f6",
	"00000000-0000-0000-0000-000000000000",
	2,
	1,
	'Controller::connected line: 2');
INSERT INTO ACT_TFM
	VALUES ("957eff11-367f-43cb-84e0-8999ad395dd6",
	"23c65728-d0bf-4751-88b1-01997c848429",
	"00000000-0000-0000-0000-000000000000",
	2,
	13,
	2,
	1);
INSERT INTO V_VAL
	VALUES ("3e78043e-116f-43a5-92ef-be4a070f94e6",
	0,
	0,
	1,
	16,
	23,
	0,
	0,
	0,
	0,
	"ba5eda7a-def5-0000-0000-000000000004",
	"86c2ea1c-f5f7-4efe-8aee-d67c30b464f6");
INSERT INTO V_LST
	VALUES ("3e78043e-116f-43a5-92ef-be4a070f94e6",
	'takeoff');
INSERT INTO V_PAR
	VALUES ("3e78043e-116f-43a5-92ef-be4a070f94e6",
	"ff3ff565-8be7-40e2-bde4-6bbaccdeecfa",
	"00000000-0000-0000-0000-000000000000",
	'str',
	"00000000-0000-0000-0000-000000000000",
	1,
	12);
INSERT INTO V_VAL
	VALUES ("7e7bb19f-3621-4638-89df-7ec10cbfad5e",
	0,
	0,
	2,
	33,
	36,
	0,
	0,
	0,
	0,
	"ba5eda7a-def5-0000-0000-000000000002",
	"86c2ea1c-f5f7-4efe-8aee-d67c30b464f6");
INSERT INTO V_LIN
	VALUES ("7e7bb19f-3621-4638-89df-7ec10cbfad5e",
	'5000');
INSERT INTO V_PAR
	VALUES ("7e7bb19f-3621-4638-89df-7ec10cbfad5e",
	"957eff11-367f-43cb-84e0-8999ad395dd6",
	"00000000-0000-0000-0000-000000000000",
	'microseconds',
	"00000000-0000-0000-0000-000000000000",
	2,
	20);
INSERT INTO SM_STATE
	VALUES ("86e067c9-d154-4158-857d-0856e23c2b08",
	"e0583373-2fa0-4c8a-ba8c-15d4ce1ed7e0",
	"00000000-0000-0000-0000-000000000000",
	'diconnecting',
	4,
	0);
INSERT INTO SM_CH
	VALUES ("86e067c9-d154-4158-857d-0856e23c2b08",
	"e7f65b6e-e697-4336-a08a-96a4cceab964",
	"e0583373-2fa0-4c8a-ba8c-15d4ce1ed7e0",
	"00000000-0000-0000-0000-000000000000",
	'');
INSERT INTO SM_SEME
	VALUES ("86e067c9-d154-4158-857d-0856e23c2b08",
	"e7f65b6e-e697-4336-a08a-96a4cceab964",
	"e0583373-2fa0-4c8a-ba8c-15d4ce1ed7e0",
	"00000000-0000-0000-0000-000000000000");
INSERT INTO SM_CH
	VALUES ("86e067c9-d154-4158-857d-0856e23c2b08",
	"f88b9dff-b6b1-46c5-b9fb-717a5083f294",
	"e0583373-2fa0-4c8a-ba8c-15d4ce1ed7e0",
	"00000000-0000-0000-0000-000000000000",
	'');
INSERT INTO SM_SEME
	VALUES ("86e067c9-d154-4158-857d-0856e23c2b08",
	"f88b9dff-b6b1-46c5-b9fb-717a5083f294",
	"e0583373-2fa0-4c8a-ba8c-15d4ce1ed7e0",
	"00000000-0000-0000-0000-000000000000");
INSERT INTO SM_CH
	VALUES ("86e067c9-d154-4158-857d-0856e23c2b08",
	"181f2759-c09e-4bad-ab9c-6ed889cdf5e0",
	"e0583373-2fa0-4c8a-ba8c-15d4ce1ed7e0",
	"00000000-0000-0000-0000-000000000000",
	'');
INSERT INTO SM_SEME
	VALUES ("86e067c9-d154-4158-857d-0856e23c2b08",
	"181f2759-c09e-4bad-ab9c-6ed889cdf5e0",
	"e0583373-2fa0-4c8a-ba8c-15d4ce1ed7e0",
	"00000000-0000-0000-0000-000000000000");
INSERT INTO SM_SEME
	VALUES ("86e067c9-d154-4158-857d-0856e23c2b08",
	"f041a437-d2e9-4ec8-9620-20c645b3cca9",
	"e0583373-2fa0-4c8a-ba8c-15d4ce1ed7e0",
	"00000000-0000-0000-0000-000000000000");
INSERT INTO SM_CH
	VALUES ("86e067c9-d154-4158-857d-0856e23c2b08",
	"b273b042-d07d-4ead-b936-e749c89a8746",
	"e0583373-2fa0-4c8a-ba8c-15d4ce1ed7e0",
	"00000000-0000-0000-0000-000000000000",
	'');
INSERT INTO SM_SEME
	VALUES ("86e067c9-d154-4158-857d-0856e23c2b08",
	"b273b042-d07d-4ead-b936-e749c89a8746",
	"e0583373-2fa0-4c8a-ba8c-15d4ce1ed7e0",
	"00000000-0000-0000-0000-000000000000");
INSERT INTO SM_CH
	VALUES ("86e067c9-d154-4158-857d-0856e23c2b08",
	"616dfedc-c161-49b3-9715-5db174ca72ff",
	"e0583373-2fa0-4c8a-ba8c-15d4ce1ed7e0",
	"00000000-0000-0000-0000-000000000000",
	'');
INSERT INTO SM_SEME
	VALUES ("86e067c9-d154-4158-857d-0856e23c2b08",
	"616dfedc-c161-49b3-9715-5db174ca72ff",
	"e0583373-2fa0-4c8a-ba8c-15d4ce1ed7e0",
	"00000000-0000-0000-0000-000000000000");
INSERT INTO SM_CH
	VALUES ("86e067c9-d154-4158-857d-0856e23c2b08",
	"a32ec897-e2c3-4e66-85a9-bea81522e201",
	"e0583373-2fa0-4c8a-ba8c-15d4ce1ed7e0",
	"00000000-0000-0000-0000-000000000000",
	'');
INSERT INTO SM_SEME
	VALUES ("86e067c9-d154-4158-857d-0856e23c2b08",
	"a32ec897-e2c3-4e66-85a9-bea81522e201",
	"e0583373-2fa0-4c8a-ba8c-15d4ce1ed7e0",
	"00000000-0000-0000-0000-000000000000");
INSERT INTO SM_MOAH
	VALUES ("c4bf22e4-95f0-4e58-8f56-c26f27ebf653",
	"e0583373-2fa0-4c8a-ba8c-15d4ce1ed7e0",
	"86e067c9-d154-4158-857d-0856e23c2b08");
INSERT INTO SM_AH
	VALUES ("c4bf22e4-95f0-4e58-8f56-c26f27ebf653",
	"e0583373-2fa0-4c8a-ba8c-15d4ce1ed7e0");
INSERT INTO SM_ACT
	VALUES ("c4bf22e4-95f0-4e58-8f56-c26f27ebf653",
	"e0583373-2fa0-4c8a-ba8c-15d4ce1ed7e0",
	1,
	'udp::close();',
	'',
	0);
INSERT INTO ACT_SAB
	VALUES ("87334bb8-c740-460d-beeb-fd2849bb267a",
	"e0583373-2fa0-4c8a-ba8c-15d4ce1ed7e0",
	"c4bf22e4-95f0-4e58-8f56-c26f27ebf653");
INSERT INTO ACT_ACT
	VALUES ("87334bb8-c740-460d-beeb-fd2849bb267a",
	'class state',
	0,
	"608afbf5-9a28-4f61-a29e-8a12e6a2c072",
	"00000000-0000-0000-0000-000000000000",
	0,
	'Controller::diconnecting',
	"00000000-0000-0000-0000-000000000000");
INSERT INTO ACT_BLK
	VALUES ("608afbf5-9a28-4f61-a29e-8a12e6a2c072",
	0,
	0,
	0,
	'udp',
	'',
	'',
	1,
	1,
	1,
	1,
	0,
	0,
	0,
	0,
	0,
	0,
	0,
	0,
	0,
	"87334bb8-c740-460d-beeb-fd2849bb267a",
	"00000000-0000-0000-0000-000000000000");
INSERT INTO ACT_SMT
	VALUES ("62da5279-2518-4cb8-97d9-c01cfeb2ac8c",
	"608afbf5-9a28-4f61-a29e-8a12e6a2c072",
	"00000000-0000-0000-0000-000000000000",
	1,
	1,
	'Controller::diconnecting line: 1');
INSERT INTO ACT_IOP
	VALUES ("62da5279-2518-4cb8-97d9-c01cfeb2ac8c",
	1,
	6,
	1,
	1,
	"00000000-0000-0000-0000-000000000000",
	"e44ae6e4-69bf-444c-a0b5-0fb191ff43b3",
	"00000000-0000-0000-0000-000000000000");
INSERT INTO SM_STATE
	VALUES ("74f61962-5385-49e5-a497-e04ab02212b3",
	"e0583373-2fa0-4c8a-ba8c-15d4ce1ed7e0",
	"00000000-0000-0000-0000-000000000000",
	'flying',
	5,
	0);
INSERT INTO SM_CH
	VALUES ("74f61962-5385-49e5-a497-e04ab02212b3",
	"e7f65b6e-e697-4336-a08a-96a4cceab964",
	"e0583373-2fa0-4c8a-ba8c-15d4ce1ed7e0",
	"00000000-0000-0000-0000-000000000000",
	'');
INSERT INTO SM_SEME
	VALUES ("74f61962-5385-49e5-a497-e04ab02212b3",
	"e7f65b6e-e697-4336-a08a-96a4cceab964",
	"e0583373-2fa0-4c8a-ba8c-15d4ce1ed7e0",
	"00000000-0000-0000-0000-000000000000");
INSERT INTO SM_CH
	VALUES ("74f61962-5385-49e5-a497-e04ab02212b3",
	"f88b9dff-b6b1-46c5-b9fb-717a5083f294",
	"e0583373-2fa0-4c8a-ba8c-15d4ce1ed7e0",
	"00000000-0000-0000-0000-000000000000",
	'');
INSERT INTO SM_SEME
	VALUES ("74f61962-5385-49e5-a497-e04ab02212b3",
	"f88b9dff-b6b1-46c5-b9fb-717a5083f294",
	"e0583373-2fa0-4c8a-ba8c-15d4ce1ed7e0",
	"00000000-0000-0000-0000-000000000000");
INSERT INTO SM_CH
	VALUES ("74f61962-5385-49e5-a497-e04ab02212b3",
	"181f2759-c09e-4bad-ab9c-6ed889cdf5e0",
	"e0583373-2fa0-4c8a-ba8c-15d4ce1ed7e0",
	"00000000-0000-0000-0000-000000000000",
	'');
INSERT INTO SM_SEME
	VALUES ("74f61962-5385-49e5-a497-e04ab02212b3",
	"181f2759-c09e-4bad-ab9c-6ed889cdf5e0",
	"e0583373-2fa0-4c8a-ba8c-15d4ce1ed7e0",
	"00000000-0000-0000-0000-000000000000");
INSERT INTO SM_CH
	VALUES ("74f61962-5385-49e5-a497-e04ab02212b3",
	"f041a437-d2e9-4ec8-9620-20c645b3cca9",
	"e0583373-2fa0-4c8a-ba8c-15d4ce1ed7e0",
	"00000000-0000-0000-0000-000000000000",
	'');
INSERT INTO SM_SEME
	VALUES ("74f61962-5385-49e5-a497-e04ab02212b3",
	"f041a437-d2e9-4ec8-9620-20c645b3cca9",
	"e0583373-2fa0-4c8a-ba8c-15d4ce1ed7e0",
	"00000000-0000-0000-0000-000000000000");
INSERT INTO SM_CH
	VALUES ("74f61962-5385-49e5-a497-e04ab02212b3",
	"b273b042-d07d-4ead-b936-e749c89a8746",
	"e0583373-2fa0-4c8a-ba8c-15d4ce1ed7e0",
	"00000000-0000-0000-0000-000000000000",
	'');
INSERT INTO SM_SEME
	VALUES ("74f61962-5385-49e5-a497-e04ab02212b3",
	"b273b042-d07d-4ead-b936-e749c89a8746",
	"e0583373-2fa0-4c8a-ba8c-15d4ce1ed7e0",
	"00000000-0000-0000-0000-000000000000");
INSERT INTO SM_CH
	VALUES ("74f61962-5385-49e5-a497-e04ab02212b3",
	"616dfedc-c161-49b3-9715-5db174ca72ff",
	"e0583373-2fa0-4c8a-ba8c-15d4ce1ed7e0",
	"00000000-0000-0000-0000-000000000000",
	'');
INSERT INTO SM_SEME
	VALUES ("74f61962-5385-49e5-a497-e04ab02212b3",
	"616dfedc-c161-49b3-9715-5db174ca72ff",
	"e0583373-2fa0-4c8a-ba8c-15d4ce1ed7e0",
	"00000000-0000-0000-0000-000000000000");
INSERT INTO SM_SEME
	VALUES ("74f61962-5385-49e5-a497-e04ab02212b3",
	"a32ec897-e2c3-4e66-85a9-bea81522e201",
	"e0583373-2fa0-4c8a-ba8c-15d4ce1ed7e0",
	"00000000-0000-0000-0000-000000000000");
INSERT INTO SM_MOAH
	VALUES ("f5d68b16-b170-41a3-b328-327fe29635e1",
	"e0583373-2fa0-4c8a-ba8c-15d4ce1ed7e0",
	"74f61962-5385-49e5-a497-e04ab02212b3");
INSERT INTO SM_AH
	VALUES ("f5d68b16-b170-41a3-b328-327fe29635e1",
	"e0583373-2fa0-4c8a-ba8c-15d4ce1ed7e0");
INSERT INTO SM_ACT
	VALUES ("f5d68b16-b170-41a3-b328-327fe29635e1",
	"e0583373-2fa0-4c8a-ba8c-15d4ce1ed7e0",
	1,
	'udp::send( str:"land" );
Controller::timer( microseconds:5000000 );
',
	'',
	0);
INSERT INTO ACT_SAB
	VALUES ("4a31096a-f2b8-4b79-9b46-fe5049caf38b",
	"e0583373-2fa0-4c8a-ba8c-15d4ce1ed7e0",
	"f5d68b16-b170-41a3-b328-327fe29635e1");
INSERT INTO ACT_ACT
	VALUES ("4a31096a-f2b8-4b79-9b46-fe5049caf38b",
	'class state',
	0,
	"f92fb794-953e-45f4-b61d-9c79cfd68438",
	"00000000-0000-0000-0000-000000000000",
	0,
	'Controller::flying',
	"00000000-0000-0000-0000-000000000000");
INSERT INTO ACT_BLK
	VALUES ("f92fb794-953e-45f4-b61d-9c79cfd68438",
	0,
	0,
	0,
	'Controller',
	'',
	'',
	2,
	1,
	2,
	1,
	0,
	0,
	0,
	0,
	0,
	0,
	0,
	0,
	0,
	"4a31096a-f2b8-4b79-9b46-fe5049caf38b",
	"00000000-0000-0000-0000-000000000000");
INSERT INTO ACT_SMT
	VALUES ("fc5448f2-3a0e-46ec-9ba4-710506cd8e1d",
	"f92fb794-953e-45f4-b61d-9c79cfd68438",
	"7cfa48f4-9219-4d58-9df7-c27c05eab4d8",
	1,
	1,
	'Controller::flying line: 1');
INSERT INTO ACT_IOP
	VALUES ("fc5448f2-3a0e-46ec-9ba4-710506cd8e1d",
	1,
	6,
	1,
	1,
	"00000000-0000-0000-0000-000000000000",
	"6675b4bb-717f-4084-aa47-be40e55c0a35",
	"00000000-0000-0000-0000-000000000000");
INSERT INTO ACT_SMT
	VALUES ("7cfa48f4-9219-4d58-9df7-c27c05eab4d8",
	"f92fb794-953e-45f4-b61d-9c79cfd68438",
	"00000000-0000-0000-0000-000000000000",
	2,
	1,
	'Controller::flying line: 2');
INSERT INTO ACT_TFM
	VALUES ("7cfa48f4-9219-4d58-9df7-c27c05eab4d8",
	"23c65728-d0bf-4751-88b1-01997c848429",
	"00000000-0000-0000-0000-000000000000",
	2,
	13,
	2,
	1);
INSERT INTO V_VAL
	VALUES ("046f3d04-7bc8-4161-a5a1-a5af9f3dc7d9",
	0,
	0,
	1,
	16,
	20,
	0,
	0,
	0,
	0,
	"ba5eda7a-def5-0000-0000-000000000004",
	"f92fb794-953e-45f4-b61d-9c79cfd68438");
INSERT INTO V_LST
	VALUES ("046f3d04-7bc8-4161-a5a1-a5af9f3dc7d9",
	'land');
INSERT INTO V_PAR
	VALUES ("046f3d04-7bc8-4161-a5a1-a5af9f3dc7d9",
	"fc5448f2-3a0e-46ec-9ba4-710506cd8e1d",
	"00000000-0000-0000-0000-000000000000",
	'str',
	"00000000-0000-0000-0000-000000000000",
	1,
	12);
INSERT INTO V_VAL
	VALUES ("e36c84a2-946a-47dd-b73c-ec32c3500b3b",
	0,
	0,
	2,
	33,
	39,
	0,
	0,
	0,
	0,
	"ba5eda7a-def5-0000-0000-000000000002",
	"f92fb794-953e-45f4-b61d-9c79cfd68438");
INSERT INTO V_LIN
	VALUES ("e36c84a2-946a-47dd-b73c-ec32c3500b3b",
	'5000000');
INSERT INTO V_PAR
	VALUES ("e36c84a2-946a-47dd-b73c-ec32c3500b3b",
	"7cfa48f4-9219-4d58-9df7-c27c05eab4d8",
	"00000000-0000-0000-0000-000000000000",
	'microseconds',
	"00000000-0000-0000-0000-000000000000",
	2,
	20);
INSERT INTO SM_NSTXN
	VALUES ("1bc1010b-751b-479d-9289-7b2e551267dd",
	"e0583373-2fa0-4c8a-ba8c-15d4ce1ed7e0",
	"faf67a91-ef8c-4cfb-8974-18df94f00d9e",
	"e7f65b6e-e697-4336-a08a-96a4cceab964",
	"00000000-0000-0000-0000-000000000000");
INSERT INTO SM_TAH
	VALUES ("0b4014ac-0656-45fe-b535-133430fce7e0",
	"e0583373-2fa0-4c8a-ba8c-15d4ce1ed7e0",
	"1bc1010b-751b-479d-9289-7b2e551267dd");
INSERT INTO SM_AH
	VALUES ("0b4014ac-0656-45fe-b535-133430fce7e0",
	"e0583373-2fa0-4c8a-ba8c-15d4ce1ed7e0");
INSERT INTO SM_ACT
	VALUES ("0b4014ac-0656-45fe-b535-133430fce7e0",
	"e0583373-2fa0-4c8a-ba8c-15d4ce1ed7e0",
	1,
	'',
	'',
	0);
INSERT INTO ACT_TAB
	VALUES ("a1f49200-b957-466b-a281-48be354ded4a",
	"e0583373-2fa0-4c8a-ba8c-15d4ce1ed7e0",
	"0b4014ac-0656-45fe-b535-133430fce7e0");
INSERT INTO ACT_ACT
	VALUES ("a1f49200-b957-466b-a281-48be354ded4a",
	'class transition',
	0,
	"ce67ff37-3336-4f0d-8a8e-c1ab98429285",
	"00000000-0000-0000-0000-000000000000",
	0,
	'Controller_A1: connect',
	"00000000-0000-0000-0000-000000000000");
INSERT INTO ACT_BLK
	VALUES ("ce67ff37-3336-4f0d-8a8e-c1ab98429285",
	0,
	0,
	0,
	'',
	'',
	'',
	0,
	0,
	0,
	0,
	0,
	0,
	0,
	0,
	0,
	0,
	0,
	0,
	0,
	"a1f49200-b957-466b-a281-48be354ded4a",
	"00000000-0000-0000-0000-000000000000");
INSERT INTO SM_TXN
	VALUES ("1bc1010b-751b-479d-9289-7b2e551267dd",
	"e0583373-2fa0-4c8a-ba8c-15d4ce1ed7e0",
	"1f271549-c1b0-478f-b648-cb585b9d1a41",
	"00000000-0000-0000-0000-000000000000");
INSERT INTO SM_NSTXN
	VALUES ("618ca2d8-014a-40ac-94d5-74925c45f42d",
	"e0583373-2fa0-4c8a-ba8c-15d4ce1ed7e0",
	"1f271549-c1b0-478f-b648-cb585b9d1a41",
	"f88b9dff-b6b1-46c5-b9fb-717a5083f294",
	"00000000-0000-0000-0000-000000000000");
INSERT INTO SM_TAH
	VALUES ("926210ab-9b31-432d-b0be-d8406def92f5",
	"e0583373-2fa0-4c8a-ba8c-15d4ce1ed7e0",
	"618ca2d8-014a-40ac-94d5-74925c45f42d");
INSERT INTO SM_AH
	VALUES ("926210ab-9b31-432d-b0be-d8406def92f5",
	"e0583373-2fa0-4c8a-ba8c-15d4ce1ed7e0");
INSERT INTO SM_ACT
	VALUES ("926210ab-9b31-432d-b0be-d8406def92f5",
	"e0583373-2fa0-4c8a-ba8c-15d4ce1ed7e0",
	1,
	'',
	'',
	0);
INSERT INTO ACT_TAB
	VALUES ("254e8689-1061-4aa2-84dd-e352e9a49a61",
	"e0583373-2fa0-4c8a-ba8c-15d4ce1ed7e0",
	"926210ab-9b31-432d-b0be-d8406def92f5");
INSERT INTO ACT_ACT
	VALUES ("254e8689-1061-4aa2-84dd-e352e9a49a61",
	'class transition',
	0,
	"b7c5dae1-d9e5-4189-846c-fd2aebb41ccc",
	"00000000-0000-0000-0000-000000000000",
	0,
	'Controller_A2: ok',
	"00000000-0000-0000-0000-000000000000");
INSERT INTO ACT_BLK
	VALUES ("b7c5dae1-d9e5-4189-846c-fd2aebb41ccc",
	0,
	0,
	0,
	'',
	'',
	'',
	0,
	0,
	0,
	0,
	0,
	0,
	0,
	0,
	0,
	0,
	0,
	0,
	0,
	"254e8689-1061-4aa2-84dd-e352e9a49a61",
	"00000000-0000-0000-0000-000000000000");
INSERT INTO SM_TXN
	VALUES ("618ca2d8-014a-40ac-94d5-74925c45f42d",
	"e0583373-2fa0-4c8a-ba8c-15d4ce1ed7e0",
	"fac31c71-ad42-461b-9084-04572e536bbb",
	"00000000-0000-0000-0000-000000000000");
INSERT INTO SM_NSTXN
	VALUES ("55b22d9d-234b-4726-9440-a93e03e704cb",
	"e0583373-2fa0-4c8a-ba8c-15d4ce1ed7e0",
	"86e067c9-d154-4158-857d-0856e23c2b08",
	"f041a437-d2e9-4ec8-9620-20c645b3cca9",
	"00000000-0000-0000-0000-000000000000");
INSERT INTO SM_TAH
	VALUES ("913f705c-3464-4c3b-bff6-f777317b099c",
	"e0583373-2fa0-4c8a-ba8c-15d4ce1ed7e0",
	"55b22d9d-234b-4726-9440-a93e03e704cb");
INSERT INTO SM_AH
	VALUES ("913f705c-3464-4c3b-bff6-f777317b099c",
	"e0583373-2fa0-4c8a-ba8c-15d4ce1ed7e0");
INSERT INTO SM_ACT
	VALUES ("913f705c-3464-4c3b-bff6-f777317b099c",
	"e0583373-2fa0-4c8a-ba8c-15d4ce1ed7e0",
	1,
	'',
	'',
	0);
INSERT INTO ACT_TAB
	VALUES ("f14a0a7a-6069-453e-b52d-4bc5a1b7f71f",
	"e0583373-2fa0-4c8a-ba8c-15d4ce1ed7e0",
	"913f705c-3464-4c3b-bff6-f777317b099c");
INSERT INTO ACT_ACT
	VALUES ("f14a0a7a-6069-453e-b52d-4bc5a1b7f71f",
	'class transition',
	0,
	"0128292b-add3-46ac-8823-a16f97c39690",
	"00000000-0000-0000-0000-000000000000",
	0,
	'Controller_A4: disconnected',
	"00000000-0000-0000-0000-000000000000");
INSERT INTO ACT_BLK
	VALUES ("0128292b-add3-46ac-8823-a16f97c39690",
	0,
	0,
	0,
	'',
	'',
	'',
	0,
	0,
	0,
	0,
	0,
	0,
	0,
	0,
	0,
	0,
	0,
	0,
	0,
	"f14a0a7a-6069-453e-b52d-4bc5a1b7f71f",
	"00000000-0000-0000-0000-000000000000");
INSERT INTO SM_TXN
	VALUES ("55b22d9d-234b-4726-9440-a93e03e704cb",
	"e0583373-2fa0-4c8a-ba8c-15d4ce1ed7e0",
	"faf67a91-ef8c-4cfb-8974-18df94f00d9e",
	"00000000-0000-0000-0000-000000000000");
INSERT INTO SM_NSTXN
	VALUES ("00e35c41-ecbe-49f0-aad8-549079254132",
	"e0583373-2fa0-4c8a-ba8c-15d4ce1ed7e0",
	"fac31c71-ad42-461b-9084-04572e536bbb",
	"a32ec897-e2c3-4e66-85a9-bea81522e201",
	"00000000-0000-0000-0000-000000000000");
INSERT INTO SM_TAH
	VALUES ("0781e3a9-28f8-4ab2-90a8-11c6ddb84a40",
	"e0583373-2fa0-4c8a-ba8c-15d4ce1ed7e0",
	"00e35c41-ecbe-49f0-aad8-549079254132");
INSERT INTO SM_AH
	VALUES ("0781e3a9-28f8-4ab2-90a8-11c6ddb84a40",
	"e0583373-2fa0-4c8a-ba8c-15d4ce1ed7e0");
INSERT INTO SM_ACT
	VALUES ("0781e3a9-28f8-4ab2-90a8-11c6ddb84a40",
	"e0583373-2fa0-4c8a-ba8c-15d4ce1ed7e0",
	1,
	'',
	'',
	0);
INSERT INTO ACT_TAB
	VALUES ("e3fd8f26-d8fe-4a6e-93ca-5292e6750d5a",
	"e0583373-2fa0-4c8a-ba8c-15d4ce1ed7e0",
	"0781e3a9-28f8-4ab2-90a8-11c6ddb84a40");
INSERT INTO ACT_ACT
	VALUES ("e3fd8f26-d8fe-4a6e-93ca-5292e6750d5a",
	'class transition',
	0,
	"d91b92b3-04d6-4c10-ac45-f811dd6bb596",
	"00000000-0000-0000-0000-000000000000",
	0,
	'Controller_A7: timeout',
	"00000000-0000-0000-0000-000000000000");
INSERT INTO ACT_BLK
	VALUES ("d91b92b3-04d6-4c10-ac45-f811dd6bb596",
	0,
	0,
	0,
	'',
	'',
	'',
	0,
	0,
	0,
	0,
	0,
	0,
	0,
	0,
	0,
	0,
	0,
	0,
	0,
	"e3fd8f26-d8fe-4a6e-93ca-5292e6750d5a",
	"00000000-0000-0000-0000-000000000000");
INSERT INTO SM_TXN
	VALUES ("00e35c41-ecbe-49f0-aad8-549079254132",
	"e0583373-2fa0-4c8a-ba8c-15d4ce1ed7e0",
	"74f61962-5385-49e5-a497-e04ab02212b3",
	"00000000-0000-0000-0000-000000000000");
INSERT INTO SM_NSTXN
	VALUES ("7f7947a6-9d4a-4394-8651-5ef42462c8db",
	"e0583373-2fa0-4c8a-ba8c-15d4ce1ed7e0",
	"74f61962-5385-49e5-a497-e04ab02212b3",
	"a32ec897-e2c3-4e66-85a9-bea81522e201",
	"00000000-0000-0000-0000-000000000000");
INSERT INTO SM_TAH
	VALUES ("33db3150-5271-430a-bf03-3c0bf317839c",
	"e0583373-2fa0-4c8a-ba8c-15d4ce1ed7e0",
	"7f7947a6-9d4a-4394-8651-5ef42462c8db");
INSERT INTO SM_AH
	VALUES ("33db3150-5271-430a-bf03-3c0bf317839c",
	"e0583373-2fa0-4c8a-ba8c-15d4ce1ed7e0");
INSERT INTO SM_ACT
	VALUES ("33db3150-5271-430a-bf03-3c0bf317839c",
	"e0583373-2fa0-4c8a-ba8c-15d4ce1ed7e0",
	1,
	'',
	'',
	0);
INSERT INTO ACT_TAB
	VALUES ("6b83daa0-e6ca-4d62-a229-16cdd674289f",
	"e0583373-2fa0-4c8a-ba8c-15d4ce1ed7e0",
	"33db3150-5271-430a-bf03-3c0bf317839c");
INSERT INTO ACT_ACT
	VALUES ("6b83daa0-e6ca-4d62-a229-16cdd674289f",
	'class transition',
	0,
	"0f48a9f3-6aa8-4e3f-b26b-331e7f3533b5",
	"00000000-0000-0000-0000-000000000000",
	0,
	'Controller_A7: timeout',
	"00000000-0000-0000-0000-000000000000");
INSERT INTO ACT_BLK
	VALUES ("0f48a9f3-6aa8-4e3f-b26b-331e7f3533b5",
	0,
	0,
	0,
	'',
	'',
	'',
	0,
	0,
	0,
	0,
	0,
	0,
	0,
	0,
	0,
	0,
	0,
	0,
	0,
	"6b83daa0-e6ca-4d62-a229-16cdd674289f",
	"00000000-0000-0000-0000-000000000000");
INSERT INTO SM_TXN
	VALUES ("7f7947a6-9d4a-4394-8651-5ef42462c8db",
	"e0583373-2fa0-4c8a-ba8c-15d4ce1ed7e0",
	"86e067c9-d154-4158-857d-0856e23c2b08",
	"00000000-0000-0000-0000-000000000000");
INSERT INTO SM_NSTXN
	VALUES ("05cf045c-4ead-4990-bafe-277deaa0831e",
	"e0583373-2fa0-4c8a-ba8c-15d4ce1ed7e0",
	"1f271549-c1b0-478f-b648-cb585b9d1a41",
	"a32ec897-e2c3-4e66-85a9-bea81522e201",
	"00000000-0000-0000-0000-000000000000");
INSERT INTO SM_TAH
	VALUES ("64a068a2-0fdd-4f50-a5fa-0c0170414b39",
	"e0583373-2fa0-4c8a-ba8c-15d4ce1ed7e0",
	"05cf045c-4ead-4990-bafe-277deaa0831e");
INSERT INTO SM_AH
	VALUES ("64a068a2-0fdd-4f50-a5fa-0c0170414b39",
	"e0583373-2fa0-4c8a-ba8c-15d4ce1ed7e0");
INSERT INTO SM_ACT
	VALUES ("64a068a2-0fdd-4f50-a5fa-0c0170414b39",
	"e0583373-2fa0-4c8a-ba8c-15d4ce1ed7e0",
	1,
	'',
	'',
	0);
INSERT INTO ACT_TAB
	VALUES ("f72476ee-94ca-458f-9c33-fa7b1b4da587",
	"e0583373-2fa0-4c8a-ba8c-15d4ce1ed7e0",
	"64a068a2-0fdd-4f50-a5fa-0c0170414b39");
INSERT INTO ACT_ACT
	VALUES ("f72476ee-94ca-458f-9c33-fa7b1b4da587",
	'class transition',
	0,
	"c8736933-7f66-484d-b976-d815617275e8",
	"00000000-0000-0000-0000-000000000000",
	0,
	'Controller_A7: timeout',
	"00000000-0000-0000-0000-000000000000");
INSERT INTO ACT_BLK
	VALUES ("c8736933-7f66-484d-b976-d815617275e8",
	0,
	0,
	0,
	'',
	'',
	'',
	0,
	0,
	0,
	0,
	0,
	0,
	0,
	0,
	0,
	0,
	0,
	0,
	0,
	"f72476ee-94ca-458f-9c33-fa7b1b4da587",
	"00000000-0000-0000-0000-000000000000");
INSERT INTO SM_TXN
	VALUES ("05cf045c-4ead-4990-bafe-277deaa0831e",
	"e0583373-2fa0-4c8a-ba8c-15d4ce1ed7e0",
	"fac31c71-ad42-461b-9084-04572e536bbb",
	"00000000-0000-0000-0000-000000000000");
INSERT INTO PE_PE
	VALUES ("ba5eda7a-def5-0000-0000-000000000000",
	1,
	"00000000-0000-0000-0000-000000000000",
	"00000000-0000-0000-0000-000000000000",
	3);
INSERT INTO S_DT
	VALUES ("ba5eda7a-def5-0000-0000-000000000000",
	"00000000-0000-0000-0000-000000000000",
	'void',
	'',
	'');
INSERT INTO S_CDT
	VALUES ("ba5eda7a-def5-0000-0000-000000000000",
	0);
INSERT INTO PE_PE
	VALUES ("ba5eda7a-def5-0000-0000-000000000001",
	1,
	"00000000-0000-0000-0000-000000000000",
	"00000000-0000-0000-0000-000000000000",
	3);
INSERT INTO S_DT
	VALUES ("ba5eda7a-def5-0000-0000-000000000001",
	"00000000-0000-0000-0000-000000000000",
	'boolean',
	'',
	'');
INSERT INTO S_CDT
	VALUES ("ba5eda7a-def5-0000-0000-000000000001",
	1);
INSERT INTO PE_PE
	VALUES ("ba5eda7a-def5-0000-0000-000000000002",
	1,
	"00000000-0000-0000-0000-000000000000",
	"00000000-0000-0000-0000-000000000000",
	3);
INSERT INTO S_DT
	VALUES ("ba5eda7a-def5-0000-0000-000000000002",
	"00000000-0000-0000-0000-000000000000",
	'integer',
	'',
	'');
INSERT INTO S_CDT
	VALUES ("ba5eda7a-def5-0000-0000-000000000002",
	2);
INSERT INTO PE_PE
	VALUES ("ba5eda7a-def5-0000-0000-000000000003",
	1,
	"00000000-0000-0000-0000-000000000000",
	"00000000-0000-0000-0000-000000000000",
	3);
INSERT INTO S_DT
	VALUES ("ba5eda7a-def5-0000-0000-000000000003",
	"00000000-0000-0000-0000-000000000000",
	'real',
	'',
	'');
INSERT INTO S_CDT
	VALUES ("ba5eda7a-def5-0000-0000-000000000003",
	3);
INSERT INTO PE_PE
	VALUES ("ba5eda7a-def5-0000-0000-000000000004",
	1,
	"00000000-0000-0000-0000-000000000000",
	"00000000-0000-0000-0000-000000000000",
	3);
INSERT INTO S_DT
	VALUES ("ba5eda7a-def5-0000-0000-000000000004",
	"00000000-0000-0000-0000-000000000000",
	'string',
	'',
	'');
INSERT INTO S_CDT
	VALUES ("ba5eda7a-def5-0000-0000-000000000004",
	4);
INSERT INTO PE_PE
	VALUES ("ba5eda7a-def5-0000-0000-000000000005",
	1,
	"00000000-0000-0000-0000-000000000000",
	"00000000-0000-0000-0000-000000000000",
	3);
INSERT INTO S_DT
	VALUES ("ba5eda7a-def5-0000-0000-000000000005",
	"00000000-0000-0000-0000-000000000000",
	'unique_id',
	'',
	'');
INSERT INTO S_CDT
	VALUES ("ba5eda7a-def5-0000-0000-000000000005",
	5);
INSERT INTO PE_PE
	VALUES ("ba5eda7a-def5-0000-0000-000000000006",
	1,
	"00000000-0000-0000-0000-000000000000",
	"00000000-0000-0000-0000-000000000000",
	3);
INSERT INTO S_DT
	VALUES ("ba5eda7a-def5-0000-0000-000000000006",
	"00000000-0000-0000-0000-000000000000",
	'state<State_Model>',
	'',
	'');
INSERT INTO S_CDT
	VALUES ("ba5eda7a-def5-0000-0000-000000000006",
	6);
INSERT INTO PE_PE
	VALUES ("ba5eda7a-def5-0000-0000-000000000007",
	1,
	"00000000-0000-0000-0000-000000000000",
	"00000000-0000-0000-0000-000000000000",
	3);
INSERT INTO S_DT
	VALUES ("ba5eda7a-def5-0000-0000-000000000007",
	"00000000-0000-0000-0000-000000000000",
	'same_as<Base_Attribute>',
	'',
	'');
INSERT INTO S_CDT
	VALUES ("ba5eda7a-def5-0000-0000-000000000007",
	7);
INSERT INTO PE_PE
	VALUES ("ba5eda7a-def5-0000-0000-000000000008",
	1,
	"00000000-0000-0000-0000-000000000000",
	"00000000-0000-0000-0000-000000000000",
	3);
INSERT INTO S_DT
	VALUES ("ba5eda7a-def5-0000-0000-000000000008",
	"00000000-0000-0000-0000-000000000000",
	'inst_ref<Object>',
	'',
	'');
INSERT INTO S_CDT
	VALUES ("ba5eda7a-def5-0000-0000-000000000008",
	8);
INSERT INTO PE_PE
	VALUES ("ba5eda7a-def5-0000-0000-000000000009",
	1,
	"00000000-0000-0000-0000-000000000000",
	"00000000-0000-0000-0000-000000000000",
	3);
INSERT INTO S_DT
	VALUES ("ba5eda7a-def5-0000-0000-000000000009",
	"00000000-0000-0000-0000-000000000000",
	'inst_ref_set<Object>',
	'',
	'');
INSERT INTO S_CDT
	VALUES ("ba5eda7a-def5-0000-0000-000000000009",
	9);
INSERT INTO PE_PE
	VALUES ("ba5eda7a-def5-0000-0000-00000000000a",
	1,
	"00000000-0000-0000-0000-000000000000",
	"00000000-0000-0000-0000-000000000000",
	3);
INSERT INTO S_DT
	VALUES ("ba5eda7a-def5-0000-0000-00000000000a",
	"00000000-0000-0000-0000-000000000000",
	'inst<Event>',
	'',
	'');
INSERT INTO S_CDT
	VALUES ("ba5eda7a-def5-0000-0000-00000000000a",
	10);
INSERT INTO PE_PE
	VALUES ("ba5eda7a-def5-0000-0000-00000000000b",
	1,
	"00000000-0000-0000-0000-000000000000",
	"00000000-0000-0000-0000-000000000000",
	3);
INSERT INTO S_DT
	VALUES ("ba5eda7a-def5-0000-0000-00000000000b",
	"00000000-0000-0000-0000-000000000000",
	'inst<Mapping>',
	'',
	'');
INSERT INTO S_CDT
	VALUES ("ba5eda7a-def5-0000-0000-00000000000b",
	11);
INSERT INTO PE_PE
	VALUES ("ba5eda7a-def5-0000-0000-00000000000c",
	1,
	"00000000-0000-0000-0000-000000000000",
	"00000000-0000-0000-0000-000000000000",
	3);
INSERT INTO S_DT
	VALUES ("ba5eda7a-def5-0000-0000-00000000000c",
	"00000000-0000-0000-0000-000000000000",
	'inst_ref<Mapping>',
	'',
	'');
INSERT INTO S_CDT
	VALUES ("ba5eda7a-def5-0000-0000-00000000000c",
	12);
INSERT INTO PE_PE
	VALUES ("ba5eda7a-def5-0000-0000-00000000000d",
	1,
	"00000000-0000-0000-0000-000000000000",
	"00000000-0000-0000-0000-000000000000",
	3);
INSERT INTO S_DT
	VALUES ("ba5eda7a-def5-0000-0000-00000000000d",
	"00000000-0000-0000-0000-000000000000",
	'component_ref',
	'',
	'');
INSERT INTO S_CDT
	VALUES ("ba5eda7a-def5-0000-0000-00000000000d",
	13);
INSERT INTO PE_PE
	VALUES ("ba5eda7a-def5-0000-0000-00000000000e",
	1,
	"00000000-0000-0000-0000-000000000000",
	"00000000-0000-0000-0000-000000000000",
	3);
INSERT INTO S_DT
	VALUES ("ba5eda7a-def5-0000-0000-00000000000e",
	"00000000-0000-0000-0000-000000000000",
	'date',
	'',
	'');
INSERT INTO S_UDT
	VALUES ("ba5eda7a-def5-0000-0000-00000000000e",
	"ba5eda7a-def5-0000-0000-00000000000b",
	1,
	'');
INSERT INTO PE_PE
	VALUES ("ba5eda7a-def5-0000-0000-00000000000f",
	1,
	"00000000-0000-0000-0000-000000000000",
	"00000000-0000-0000-0000-000000000000",
	3);
INSERT INTO S_DT
	VALUES ("ba5eda7a-def5-0000-0000-00000000000f",
	"00000000-0000-0000-0000-000000000000",
	'inst_ref<Timer>',
	'',
	'');
INSERT INTO S_UDT
	VALUES ("ba5eda7a-def5-0000-0000-00000000000f",
	"ba5eda7a-def5-0000-0000-00000000000c",
	3,
	'');
INSERT INTO PE_PE
	VALUES ("ba5eda7a-def5-0000-0000-000000000010",
	1,
	"00000000-0000-0000-0000-000000000000",
	"00000000-0000-0000-0000-000000000000",
	3);
INSERT INTO S_DT
	VALUES ("ba5eda7a-def5-0000-0000-000000000010",
	"00000000-0000-0000-0000-000000000000",
	'timestamp',
	'',
	'');
INSERT INTO S_UDT
	VALUES ("ba5eda7a-def5-0000-0000-000000000010",
	"ba5eda7a-def5-0000-0000-00000000000b",
	2,
	'');
